-- MySQL dump 10.13  Distrib 5.5.62, for Win64 (AMD64)
--
-- Host: 127.0.0.1    Database: inventory
-- ------------------------------------------------------
-- Server version	8.0.23-0ubuntu0.20.04.1

/*!40101 SET @OLD_CHARACTER_SET_CLIENT=@@CHARACTER_SET_CLIENT */;
/*!40101 SET @OLD_CHARACTER_SET_RESULTS=@@CHARACTER_SET_RESULTS */;
/*!40101 SET @OLD_COLLATION_CONNECTION=@@COLLATION_CONNECTION */;
/*!40101 SET NAMES utf8 */;
/*!40103 SET @OLD_TIME_ZONE=@@TIME_ZONE */;
/*!40103 SET TIME_ZONE='+00:00' */;
/*!40014 SET @OLD_UNIQUE_CHECKS=@@UNIQUE_CHECKS, UNIQUE_CHECKS=0 */;
/*!40014 SET @OLD_FOREIGN_KEY_CHECKS=@@FOREIGN_KEY_CHECKS, FOREIGN_KEY_CHECKS=0 */;
/*!40101 SET @OLD_SQL_MODE=@@SQL_MODE, SQL_MODE='NO_AUTO_VALUE_ON_ZERO' */;
/*!40111 SET @OLD_SQL_NOTES=@@SQL_NOTES, SQL_NOTES=0 */;

--
-- Table structure for table `channels`
--

DROP TABLE IF EXISTS `channels`;
/*!40101 SET @saved_cs_client     = @@character_set_client */;
/*!40101 SET character_set_client = utf8 */;
CREATE TABLE `channels` (
  `id` int unsigned NOT NULL AUTO_INCREMENT COMMENT 'Идентификатор строки',
  `name` varchar(250) CHARACTER SET utf8mb4 COLLATE utf8mb4_unicode_ci NOT NULL COMMENT 'Название канала',
  `services_id` int unsigned DEFAULT NULL COMMENT 'Ссылка на сервисуслугу',
  `status_id` int unsigned DEFAULT NULL COMMENT 'Ссылка на таблицу статусов для канала',
  `to_location_id` int unsigned DEFAULT NULL COMMENT 'Ссылка на локацию, куда идет канал',
  `from_location_id` int unsigned DEFAULT NULL COMMENT 'Ссылка на локацию, откуда идет канал',
  `provider_id` int unsigned DEFAULT NULL COMMENT 'Ссылка на провайдера',
  `description` text COLLATE utf8mb4_unicode_ci COMMENT 'Описание канала',
  `created_at` datetime DEFAULT CURRENT_TIMESTAMP COMMENT 'Время создания строки',
  `updated_at` datetime DEFAULT CURRENT_TIMESTAMP ON UPDATE CURRENT_TIMESTAMP COMMENT 'Время обновления строки',
  PRIMARY KEY (`id`),
  UNIQUE KEY `name` (`name`),
  KEY `channels_services_id_fk` (`services_id`),
  KEY `channels_status_id_fk` (`status_id`),
  KEY `channels_to_location_id_fk` (`to_location_id`),
  KEY `channels_from_location_id_fk` (`from_location_id`),
  KEY `channels_provider_id_fk` (`provider_id`),
  CONSTRAINT `channels_from_location_id_fk` FOREIGN KEY (`from_location_id`) REFERENCES `location` (`id`),
  CONSTRAINT `channels_provider_id_fk` FOREIGN KEY (`provider_id`) REFERENCES `providers` (`id`) ON DELETE SET NULL,
  CONSTRAINT `channels_services_id_fk` FOREIGN KEY (`services_id`) REFERENCES `services` (`id`),
  CONSTRAINT `channels_status_id_fk` FOREIGN KEY (`status_id`) REFERENCES `status` (`id`),
  CONSTRAINT `channels_to_location_id_fk` FOREIGN KEY (`to_location_id`) REFERENCES `location` (`id`)
) ENGINE=InnoDB AUTO_INCREMENT=31 DEFAULT CHARSET=utf8mb4 COLLATE=utf8mb4_unicode_ci COMMENT='Статус оборудования (выведен из эксплуатации, в работе, в резерве и т.п)';
/*!40101 SET character_set_client = @saved_cs_client */;

--
-- Dumping data for table `channels`
--

LOCK TABLES `channels` WRITE;
/*!40000 ALTER TABLE `channels` DISABLE KEYS */;
INSERT INTO `channels` VALUES (1,'Канал связи - facere',1,8,18,6,4,'Unde consequatur quia nobis corrupti vel quis sequi. Dolores molestiae qui aut est non. Cumque nihil ut maxime vel.','2017-04-22 15:23:20','2021-03-15 09:02:57'),(2,'Канал связи - atque',1,7,5,30,1,'Fugiat aut voluptates quae iure. Consequuntur dolorum rerum libero voluptatem est accusamus similique. Corporis alias aut voluptatem doloremque.','2017-06-13 14:28:20','2021-03-18 17:38:39'),(3,'Канал связи - et',1,8,3,24,3,'Quia eum fuga et consequatur. Suscipit perspiciatis itaque consequatur optio est dolorem officiis. Error qui qui ipsa. Vel quis voluptate recusandae dolorum quia debitis labore. Assumenda necessitatibus veritatis dolores itaque.','2012-07-22 11:22:12','2021-03-18 17:38:39'),(4,'Канал связи - nostrum',1,7,4,30,7,'Aperiam suscipit consequatur qui beatae eum repellendus. Aliquam dolores fugiat veniam nobis. Iure praesentium beatae iste accusantium aut explicabo aliquid et.','2011-10-09 16:12:32','2021-03-18 17:38:39'),(5,'Канал связи - accusamus',1,2,25,14,6,'Magni voluptatem eum animi vitae hic recusandae accusantium. Dolores aut incidunt omnis asperiores. Numquam dolorem dolores eaque quaerat reiciendis aut accusantium.','2020-05-19 21:50:27','2021-03-18 17:38:39'),(6,'Канал связи - rerum',1,6,17,24,7,'Nostrum id adipisci corporis voluptas quaerat. Omnis tenetur repellendus esse repudiandae voluptas est. Quo deserunt quis in natus. Et eum officiis impedit amet aut repellendus culpa possimus. Et inventore ipsam tempore odit totam perspiciatis.','2012-07-12 20:47:33','2021-03-18 17:38:39'),(7,'Канал связи - sunt',1,8,28,11,7,'Et quod voluptatem sed voluptates. Nemo repellendus assumenda iste non unde enim. Quam velit dolores atque rem provident minima eaque.','2016-10-25 21:55:33','2021-03-18 17:38:39'),(8,'Канал связи - soluta',1,7,29,5,3,'Maiores quo sed at eum omnis repellendus et ipsam. Nobis voluptatem deserunt ut distinctio. Tenetur ullam aut eum aspernatur quam. Sint nulla ut reiciendis tempora sit quod.','2015-09-03 08:09:36','2021-03-18 17:38:39'),(9,'Канал связи - reprehenderit',1,6,11,28,2,'Voluptate minima aliquam ut cumque vitae. Dicta voluptatem aliquam aliquam voluptas vel maiores unde. Nesciunt odio doloribus architecto quia aliquam laboriosam asperiores. Tenetur pariatur inventore eos occaecati dolorum facilis.','2018-07-03 11:01:27','2021-03-18 17:38:39'),(10,'Канал связи - asperiores',1,5,28,7,2,'Nemo eum tempora beatae cupiditate. Laboriosam velit qui aut repellendus voluptatem provident qui enim. Nobis nesciunt rerum laudantium quaerat. Nesciunt saepe ut cum.','2015-03-25 03:42:17','2021-03-18 17:38:39'),(11,'Канал связи - veritatis',1,10,1,18,5,'Iusto adipisci vero atque et eum temporibus. Et molestiae exercitationem impedit rerum corrupti. Eos saepe quis corporis assumenda.','2015-08-25 10:32:19','2021-03-18 17:38:39'),(12,'Канал связи - sed',1,2,18,19,2,'Deserunt voluptas nam perspiciatis omnis occaecati aut numquam. Beatae quae reprehenderit facilis. Excepturi provident reiciendis atque qui minima eveniet nobis nisi. Est nihil et molestiae similique cum voluptas optio.','2015-02-03 11:13:00','2021-03-18 17:38:39'),(13,'Канал связи - voluptatem',1,5,3,3,7,'Sint corrupti tempore laborum tempore quisquam placeat numquam. Quasi illum et voluptatum aut consequatur. Voluptates iste sit doloremque explicabo nihil. Ducimus aut maxime rerum porro consequatur ipsum.','2011-12-19 11:47:47','2021-03-18 17:38:39'),(14,'Канал связи - eos',1,7,26,26,3,'Officia maxime voluptatum libero laudantium repellendus necessitatibus possimus. Et soluta iure nulla numquam.','2013-10-19 21:51:39','2021-03-18 17:38:39'),(15,'Канал связи - tempore',1,8,6,12,3,'Accusamus enim ut dolorum tempore architecto vero est. Numquam est dolores in non. Maxime iure totam consequatur id dolores. Quod quis dolor et accusamus nulla est.','2017-10-27 02:23:42','2021-03-18 17:38:39'),(16,'Канал связи - assumenda',1,2,17,24,5,'Nihil quibusdam at nihil ut non corrupti illo. Et et labore corporis facilis blanditiis velit. Temporibus atque eius et ea autem. Et praesentium corrupti provident quis. Veniam dicta aliquid officia ut est sit voluptatem.','2018-11-29 11:41:36','2021-03-18 17:38:39'),(17,'Канал связи - rem',1,9,22,27,3,'Eum dolorem eveniet sapiente hic consequatur eius maxime quasi. Necessitatibus voluptates ex sapiente nostrum.','2019-09-14 09:42:39','2021-03-18 17:38:39'),(18,'Канал связи - dolore',1,7,4,19,5,'Voluptas voluptate hic nobis. Ipsum rerum amet fugit sint alias corporis omnis. Et et voluptas deleniti qui.','2015-12-09 16:28:03','2021-03-18 17:38:39'),(19,'Канал связи - autem',1,2,6,8,2,'Tempore sed asperiores aut molestias ratione ex. Saepe doloribus consequuntur et. Et quaerat sit tempora est consectetur nihil voluptatibus omnis.','2019-05-21 10:46:05','2021-03-18 17:38:39'),(20,'Канал связи - optio',1,8,26,15,2,'Amet saepe consequatur voluptate libero. Assumenda et hic quia libero eaque. Deleniti sunt excepturi mollitia nisi quidem iure velit.','2013-07-14 04:14:38','2021-03-18 17:38:39'),(21,'Канал связи - necessitatibus',1,10,18,3,4,'Et voluptatum molestias deserunt commodi explicabo commodi voluptatum. Consequatur doloremque aliquam porro at quos.','2018-06-28 18:02:38','2021-03-15 09:02:57'),(22,'Канал связи - ducimus',1,5,28,29,2,'Quos laborum qui iste repellat nihil. Enim quas rerum dolores ea qui repudiandae facere. Omnis accusamus aut ullam assumenda quibusdam dolore voluptatum.','2014-12-15 10:36:22','2021-03-18 17:38:39'),(23,'Канал связи - ut',1,2,10,17,2,'Quam nihil vero neque quae laborum. Ipsam minus omnis ab ducimus ut quo. Et et ut ut adipisci. Nisi laborum perspiciatis quas incidunt explicabo quia.','2020-09-11 12:40:26','2021-03-18 17:38:39'),(24,'Канал связи - in',1,9,10,28,6,'Praesentium corporis facilis odio vero quisquam ipsa voluptas consequatur. Quia odit molestias error expedita vel sit. Perferendis possimus et reprehenderit consequuntur.','2016-10-23 16:26:57','2021-03-18 17:38:39'),(25,'Канал связи - voluptas',1,1,24,4,5,'Incidunt non ut ullam qui veniam fugit officiis. Mollitia nulla vel ut ea quia qui. Consequatur ipsa autem itaque ut explicabo est. Non voluptatem sed ipsa rem a.','2016-01-25 10:31:21','2021-03-18 17:38:39'),(26,'Канал связи - enim',1,9,22,9,7,'Sint neque voluptatem officia numquam. Tempora est sunt quis quo ex qui architecto. Aut natus asperiores voluptas temporibus sit.','2012-02-17 07:32:50','2021-03-18 17:38:39'),(27,'Канал связи - illo',1,10,17,8,5,'Vero est ut magnam et molestiae ut doloremque. Ut tenetur eaque ut quod nam natus accusamus. Quidem sunt quia temporibus possimus quae sunt. Neque non perferendis veritatis voluptatem qui.','2017-09-10 07:32:45','2021-03-18 17:38:39'),(28,'Канал связи - non',1,4,23,25,3,'Eligendi ipsam rerum occaecati esse culpa officiis. Repellat iure asperiores voluptatum rerum accusamus. Excepturi mollitia eos eius et.','2014-02-01 12:54:23','2021-03-18 17:38:39'),(29,'Канал связи - fuga',1,4,28,25,6,'Et culpa mollitia quis autem dolores eum ut. Perspiciatis dolorum eos itaque sit beatae placeat autem. Expedita ullam animi corrupti et reprehenderit necessitatibus officiis.','2020-05-08 11:15:53','2021-03-18 17:38:39'),(30,'Канал связи - similique',1,9,24,27,7,'Sed accusantium aliquid praesentium nihil possimus nulla corporis. Animi architecto molestiae nisi facere id consequatur. Placeat et aspernatur consequuntur quo labore qui molestiae iste.','2018-01-27 01:08:47','2021-03-18 17:38:39');
/*!40000 ALTER TABLE `channels` ENABLE KEYS */;
UNLOCK TABLES;
/*!50003 SET @saved_cs_client      = @@character_set_client */ ;
/*!50003 SET @saved_cs_results     = @@character_set_results */ ;
/*!50003 SET @saved_col_connection = @@collation_connection */ ;
/*!50003 SET character_set_client  = utf8mb4 */ ;
/*!50003 SET character_set_results = utf8mb4 */ ;
/*!50003 SET collation_connection  = utf8mb4_0900_ai_ci */ ;
/*!50003 SET @saved_sql_mode       = @@sql_mode */ ;
/*!50003 SET sql_mode              = 'ONLY_FULL_GROUP_BY,STRICT_TRANS_TABLES,NO_ZERO_IN_DATE,NO_ZERO_DATE,ERROR_FOR_DIVISION_BY_ZERO,NO_ENGINE_SUBSTITUTION' */ ;
DELIMITER ;;
/*!50003 CREATE*/ /*!50017 DEFINER=`root`@`localhost`*/ /*!50003 TRIGGER `channels_log` AFTER INSERT ON `channels` FOR EACH ROW BEGIN
	INSERT INTO logs (table_name, id, name_value, created_time)
	VALUES ('channels', NEW.id, NEW.name, NOW());
END */;;
DELIMITER ;
/*!50003 SET sql_mode              = @saved_sql_mode */ ;
/*!50003 SET character_set_client  = @saved_cs_client */ ;
/*!50003 SET character_set_results = @saved_cs_results */ ;
/*!50003 SET collation_connection  = @saved_col_connection */ ;

--
-- Table structure for table `device_model`
--

DROP TABLE IF EXISTS `device_model`;
/*!40101 SET @saved_cs_client     = @@character_set_client */;
/*!40101 SET character_set_client = utf8 */;
CREATE TABLE `device_model` (
  `id` int unsigned NOT NULL AUTO_INCREMENT COMMENT 'Идентификатор строки',
  `name` varchar(100) CHARACTER SET utf8mb4 COLLATE utf8mb4_unicode_ci NOT NULL COMMENT 'Модель устройства',
  `created_at` datetime DEFAULT CURRENT_TIMESTAMP COMMENT 'Время создания строки',
  `updated_at` datetime DEFAULT CURRENT_TIMESTAMP ON UPDATE CURRENT_TIMESTAMP COMMENT 'Время обновления строки',
  PRIMARY KEY (`id`),
  UNIQUE KEY `name` (`name`)
) ENGINE=InnoDB AUTO_INCREMENT=41 DEFAULT CHARSET=utf8mb4 COLLATE=utf8mb4_unicode_ci COMMENT='Локации, местоположение';
/*!40101 SET character_set_client = @saved_cs_client */;

--
-- Dumping data for table `device_model`
--

LOCK TABLES `device_model` WRITE;
/*!40000 ALTER TABLE `device_model` DISABLE KEYS */;
INSERT INTO `device_model` VALUES (1,'model is Optio repellendus voluptas in.','2011-08-31 23:43:09','2021-03-15 08:58:42'),(2,'model is Laudantium nisi aut.','2018-10-11 21:37:48','2021-03-15 08:58:42'),(3,'model is Ipsa sit sunt vitae.','2012-12-21 02:55:47','2021-03-15 08:58:42'),(4,'model is Sed omnis culpa.','2011-04-19 01:40:43','2021-03-15 08:58:42'),(5,'model is Laboriosam repudiandae dignissimos.','2013-04-13 05:02:19','2021-03-15 08:59:07'),(6,'model is Quia optio veniam.','2014-05-09 09:23:43','2021-03-15 08:58:58'),(7,'model is Et nulla et.','2012-02-27 06:31:31','2021-03-15 08:58:58'),(8,'model is Quia cum.','2020-01-21 09:34:47','2021-03-15 08:58:58'),(9,'model is Sed quae minima tempore.','2015-03-09 17:15:45','2021-03-15 08:58:58'),(10,'model is Nesciunt unde architecto repellendus.','2015-02-09 01:22:04','2021-03-15 08:58:58'),(11,'model is Dolor vero distinctio quis.','2011-10-05 04:00:23','2021-03-15 08:58:58'),(12,'model is Laboriosam ratione debitis enim.','2016-09-18 16:03:17','2021-03-15 08:58:58'),(13,'model is Veniam perferendis modi sed.','2018-11-28 14:27:58','2021-03-15 08:58:58'),(14,'model is Similique itaque asperiores tenetur.','2011-04-01 14:57:25','2021-03-15 08:58:58'),(15,'model is Et dignissimos minus.','2019-02-20 03:17:24','2021-03-15 08:58:58'),(16,'model is Dicta inventore earum.','2018-03-26 02:53:54','2021-03-15 08:58:58'),(17,'model is Aspernatur quibusdam id alias.','2018-06-29 11:59:15','2021-03-15 08:58:58'),(18,'model is Qui a perspiciatis eum facere.','2015-04-10 23:30:15','2021-03-15 08:58:58'),(19,'model is Ipsam maiores.','2017-06-05 16:32:56','2021-03-15 08:58:58'),(20,'model is Dolores a.','2012-12-19 15:27:33','2021-03-15 08:58:58'),(21,'model is Sit officia ut.','2013-01-06 17:09:44','2021-03-15 08:58:58'),(22,'model is Repellendus qui.','2014-07-16 16:48:48','2021-03-15 08:58:58'),(23,'model is Et nobis quas sequi.','2012-09-14 22:21:55','2021-03-15 08:58:58'),(24,'model is Pariatur sapiente.','2016-12-14 01:39:14','2021-03-15 08:58:58'),(25,'model is Eligendi adipisci beatae.','2020-07-29 21:43:13','2021-03-15 08:58:58'),(26,'model is Quos consequatur numquam architecto.','2013-12-16 20:47:58','2021-03-15 08:58:58'),(27,'model is Sunt quasi ut.','2020-12-20 04:59:05','2021-03-15 08:58:58'),(28,'model is Deleniti velit pariatur culpa.','2018-01-31 15:39:42','2021-03-15 08:58:58'),(29,'model is Voluptate excepturi est error.','2017-07-08 04:02:44','2021-03-15 08:58:58'),(30,'model is Deserunt est reiciendis.','2012-06-26 15:10:16','2021-03-15 08:58:58'),(31,'model is Pariatur minus quae repellat.','2014-01-20 07:39:25','2021-03-15 08:58:58'),(32,'model is Et id alias.','2013-08-21 14:54:24','2021-03-15 08:58:58'),(33,'model is Voluptates quam ut quis.','2015-04-12 12:37:32','2021-03-15 08:58:58'),(34,'model is Est voluptatem illum.','2021-02-07 15:58:33','2021-03-15 08:58:58'),(35,'model is Eos enim a culpa velit.','2013-07-05 17:49:33','2021-03-15 08:58:58'),(36,'model is Neque aut ipsa et perspiciatis.','2019-11-25 04:31:47','2021-03-15 08:58:58'),(37,'model is Delectus excepturi nihil.','2012-03-07 08:21:45','2021-03-15 08:58:58'),(38,'model is Iusto at.','2013-02-26 15:45:06','2021-03-15 08:58:58'),(39,'model is Quas corrupti sed iusto.','2013-06-30 21:19:40','2021-03-15 08:58:58'),(40,'model is Sint est sed ut.','2014-01-04 15:01:13','2021-03-15 08:58:58');
/*!40000 ALTER TABLE `device_model` ENABLE KEYS */;
UNLOCK TABLES;

--
-- Table structure for table `deviсe_type`
--

DROP TABLE IF EXISTS `deviсe_type`;
/*!40101 SET @saved_cs_client     = @@character_set_client */;
/*!40101 SET character_set_client = utf8 */;
CREATE TABLE `deviсe_type` (
  `id` int unsigned NOT NULL AUTO_INCREMENT COMMENT 'Идентификатор строки',
  `name` varchar(100) CHARACTER SET utf8mb4 COLLATE utf8mb4_unicode_ci NOT NULL COMMENT 'Тип устройства',
  `created_at` datetime DEFAULT CURRENT_TIMESTAMP COMMENT 'Время создания строки',
  `updated_at` datetime DEFAULT CURRENT_TIMESTAMP ON UPDATE CURRENT_TIMESTAMP COMMENT 'Время обновления строки',
  PRIMARY KEY (`id`),
  UNIQUE KEY `name` (`name`)
) ENGINE=InnoDB AUTO_INCREMENT=6 DEFAULT CHARSET=utf8mb4 COLLATE=utf8mb4_unicode_ci COMMENT='Локации, местоположение';
/*!40101 SET character_set_client = @saved_cs_client */;

--
-- Dumping data for table `deviсe_type`
--

LOCK TABLES `deviсe_type` WRITE;
/*!40000 ALTER TABLE `deviсe_type` DISABLE KEYS */;
INSERT INTO `deviсe_type` VALUES (1,'Сервер','2020-06-19 18:58:54','2021-03-15 08:47:21'),(2,'Коммутатор','2017-07-22 05:07:16','2021-03-15 08:47:25'),(3,'Маршрутизатор','2015-04-17 07:53:08','2021-03-15 08:47:25'),(4,'ИБП','2019-09-07 11:34:09','2021-03-15 08:47:26'),(5,'СХД','2012-01-26 05:12:54','2021-03-15 08:47:27');
/*!40000 ALTER TABLE `deviсe_type` ENABLE KEYS */;
UNLOCK TABLES;

--
-- Table structure for table `deviсes`
--

DROP TABLE IF EXISTS `deviсes`;
/*!40101 SET @saved_cs_client     = @@character_set_client */;
/*!40101 SET character_set_client = utf8 */;
CREATE TABLE `deviсes` (
  `id` int unsigned NOT NULL AUTO_INCREMENT COMMENT 'Идентификатор строки',
  `device_name` varchar(100) COLLATE utf8mb4_unicode_ci NOT NULL COMMENT 'Имя устройства',
  `ipv4` int unsigned DEFAULT NULL COMMENT 'ipv4 в виде целого числа, ',
  `location_id` int unsigned DEFAULT NULL COMMENT 'Ссылка на локацию, где размещено устройство',
  `services_id` int unsigned DEFAULT NULL COMMENT 'Ссылка на сервисуслугу устройства (сервис который обсесечивается устройством - почта, бд, лвс, 1С и т.п )',
  `device_type_id` int unsigned DEFAULT NULL COMMENT 'Ссылка на тип устройства',
  `device_model_id` int unsigned DEFAULT NULL COMMENT 'Ссылка на модель устройства',
  `organisation_id` int unsigned DEFAULT NULL COMMENT 'Ссылка на организацию владельца',
  `status_id` int unsigned DEFAULT NULL COMMENT 'Ссылка на таблицу статусов для устройства',
  `description` text COLLATE utf8mb4_unicode_ci COMMENT 'Описание, комментарии для устройства',
  `created_at` datetime DEFAULT CURRENT_TIMESTAMP COMMENT 'Время создания строки',
  `updated_at` datetime DEFAULT CURRENT_TIMESTAMP ON UPDATE CURRENT_TIMESTAMP COMMENT 'Время обновления строки',
  PRIMARY KEY (`id`),
  UNIQUE KEY `devise_name` (`device_name`),
  UNIQUE KEY `device_name` (`device_name`),
  KEY `deviсes_location_id_fk` (`location_id`),
  KEY `deviсes_services_id_fk` (`services_id`),
  KEY `deviсes_device_type_id_fk` (`device_type_id`),
  KEY `deviсes_device_model_id_fk` (`device_model_id`),
  KEY `deviсes_organisation_id_fk` (`organisation_id`),
  KEY `deviсes_status_id_fk` (`status_id`),
  CONSTRAINT `deviсes_device_model_id_fk` FOREIGN KEY (`device_model_id`) REFERENCES `device_model` (`id`),
  CONSTRAINT `deviсes_device_type_id_fk` FOREIGN KEY (`device_type_id`) REFERENCES `deviсe_type` (`id`),
  CONSTRAINT `deviсes_location_id_fk` FOREIGN KEY (`location_id`) REFERENCES `location` (`id`),
  CONSTRAINT `deviсes_organisation_id_fk` FOREIGN KEY (`organisation_id`) REFERENCES `organisation` (`id`),
  CONSTRAINT `deviсes_services_id_fk` FOREIGN KEY (`services_id`) REFERENCES `services` (`id`),
  CONSTRAINT `deviсes_status_id_fk` FOREIGN KEY (`status_id`) REFERENCES `status` (`id`) ON DELETE SET NULL
) ENGINE=InnoDB AUTO_INCREMENT=401 DEFAULT CHARSET=utf8mb4 COLLATE=utf8mb4_unicode_ci COMMENT='Устройства';
/*!40101 SET character_set_client = @saved_cs_client */;

--
-- Dumping data for table `deviсes`
--

LOCK TABLES `deviсes` WRITE;
/*!40000 ALTER TABLE `deviсes` DISABLE KEYS */;
INSERT INTO `deviсes` VALUES (1,'Suntrerumo-003',135133,30,6,3,5,6,3,'Fugiat voluptatem ut necessitatibus quod recusandae porro. Qui perferendis dolorum adipisci alias ea. Nemo ut quidem quia enim molestias odit animi. Aperiam sint vero voluptatem placeat praesentium.','2021-02-11 10:21:53','2021-03-15 09:42:09'),(2,'Velitfugia-031',16687,27,2,5,5,11,5,'Est quo ut quia sint minus mollitia a vel. Voluptatum voluptatem voluptas culpa aperiam id alias. Repellendus neque sequi illo ipsum.','2012-10-02 00:03:48','2021-03-15 09:42:09'),(3,'Deseruntdo-048',125206,21,8,1,35,2,7,'Consequatur quia eaque dolores a. Tempora velit non aut enim accusantium. Nihil provident ut aliquid officia. Et amet autem ducimus nostrum voluptatem sit.','2017-08-06 07:39:28','2021-03-15 09:42:09'),(4,'Veritatise-047',207237,25,11,1,5,15,8,'Tempore at repellendus quo sequi quod rem nihil rem. Non adipisci ipsa est dolor consectetur. Error ad blanditiis non nulla ratione. Sint excepturi itaque inventore adipisci deserunt. Quibusdam unde minus ut voluptatem provident non.','2018-04-28 09:27:32','2021-03-15 09:42:09'),(5,'Omnisexpli-094',247113,2,17,1,5,9,6,'Autem autem veritatis modi itaque vero cum est sint. Saepe dolore ducimus et placeat aut. Fugiat est minus voluptates et voluptatem nam consequatur. Fugit est accusamus fugiat commodi est enim.','2013-06-06 23:18:08','2021-03-15 09:42:09'),(6,'Necessitat-030',18363,12,12,5,40,11,3,'Debitis quod omnis voluptatibus commodi unde repudiandae. Illum est animi error modi.','2018-11-01 11:41:29','2021-03-15 09:42:09'),(7,'Rerumsitqu-069',741,9,12,2,7,11,1,'Corporis quasi magni incidunt delectus nihil. Et corporis nostrum non consectetur est incidunt delectus quis. Eius fugiat voluptatem dolorum laborum quia id.','2011-08-22 17:18:45','2021-03-15 09:42:09'),(8,'Totamenimu-055',104255,19,7,2,30,4,5,'Rerum dolores velit ut alias. Saepe eum perferendis beatae tempora perspiciatis. Consequatur dolores sit in neque. Aperiam voluptate quis beatae.','2012-02-18 12:45:30','2021-03-15 09:42:09'),(9,'Quiipsamvo-071',21756,13,1,1,20,2,10,'Reprehenderit vero est dolores. Perspiciatis fugit ipsam aliquam dolor ad suscipit. Ducimus sit dolor ea laboriosam.','2012-01-17 17:12:47','2021-03-15 09:42:09'),(10,'Voluptatea-092',207130,7,4,5,15,5,5,'Beatae libero suscipit enim facilis molestiae quia. Et ut et magni distinctio in. Vel sit eaque ut error.','2015-10-31 17:00:49','2021-03-15 09:42:09'),(11,'Illoetquid-050',246166,29,14,5,32,10,7,'Nobis cupiditate repellendus id deleniti porro. Ut provident aliquam consequatur quia error.','2011-06-28 01:30:17','2021-03-15 09:42:09'),(12,'Atquecommo-071',204219,1,19,2,14,2,10,'Eligendi qui dignissimos quod voluptates. Temporibus alias nesciunt et laboriosam et ab. Voluptatem quia aut quaerat recusandae minima eligendi qui.','2019-09-11 01:51:43','2021-03-15 09:42:09'),(13,'Sitvolupta-008',15366,11,15,2,29,7,5,'Minima qui reiciendis exercitationem rerum aut dolores. Doloribus dicta iusto nihil facere nesciunt quos. Qui molestiae perspiciatis et. Cumque quae enim eius numquam.','2013-07-14 07:19:48','2021-03-15 09:42:09'),(14,'Etdistinct-026',2486,7,18,3,10,6,7,'Et sequi voluptatem quasi officiis sit ullam quod. Aut veniam excepturi cum sint. Omnis quos ipsum voluptatem totam. Dolores cupiditate optio quia voluptatum.','2020-10-10 07:37:23','2021-03-15 09:42:09'),(15,'Dignissimo-009',157156,7,12,4,2,15,1,'Accusamus veniam eum et deleniti ut blanditiis. Est consequatur esse nihil et et. Placeat quam nobis aliquam non.','2020-02-25 07:23:22','2021-03-15 09:42:09'),(16,'Consequatu-067',239118,14,18,4,18,11,4,'Sit et nihil earum et architecto veritatis ducimus quam. Deserunt eum provident aperiam quis sunt ut. Sit odit explicabo accusantium molestiae velit ut. Quibusdam nam molestiae enim in perferendis nihil eum.','2018-09-03 16:15:14','2021-03-15 09:42:09'),(17,'Consequatu-012',128193,4,15,2,15,1,5,'Numquam nobis quasi vel ut consequatur. Amet modi tempora reiciendis quisquam nihil unde quisquam. Tenetur ipsum rem rem vel veritatis iusto ea.','2017-08-11 09:28:42','2021-03-15 09:42:09'),(18,'Autadipisc-055',132185,9,9,1,23,3,6,'Dolor cupiditate quia modi iusto occaecati deserunt quo. Est voluptas dignissimos et magnam error atque. Sint iure veniam hic qui atque amet.','2017-05-08 09:16:33','2021-03-15 09:42:09'),(19,'Modiquidem-040',104147,2,8,3,22,9,9,'Et consectetur qui aliquam. Eligendi vero est repellendus quo. Sunt ratione totam quo beatae iste quas.','2017-06-13 17:06:57','2021-03-15 09:42:09'),(20,'Cumqueulla-039',186172,5,17,3,39,14,4,'Itaque pariatur earum et quasi blanditiis ea blanditiis. Iste blanditiis tenetur aperiam assumenda placeat exercitationem aliquid. Quidem facilis dolor esse.','2013-10-20 04:25:40','2021-03-15 09:42:09'),(21,'Liberotene-074',4668,2,7,2,32,12,10,'Sit quo libero sint unde. Numquam harum nam et. Quas laborum et eum aliquam.','2014-01-03 01:22:15','2021-03-15 09:42:09'),(22,'Inciduntut-054',111217,6,18,4,20,4,8,'Dicta velit sint ullam molestiae quam voluptates. A ea molestiae voluptates nesciunt. Porro voluptates iste ea sed itaque. Qui beatae minima ea est et nesciunt velit rerum.','2016-12-05 21:16:38','2021-03-15 09:42:09'),(23,'Rerumodiot-050',222149,28,12,1,2,2,4,'Vero est nihil eaque vero delectus. Aspernatur sit unde excepturi. Et qui sunt ullam.','2012-08-12 22:08:41','2021-03-15 09:42:09'),(24,'Utplaceate-088',254239,20,4,4,5,11,3,'Consequuntur voluptatibus sunt qui ipsum illum. Tenetur optio dolore velit sunt sint. Odio dolorem et reiciendis. Laudantium temporibus autem repellat quia.','2018-11-30 00:14:12','2021-03-15 09:42:09'),(25,'Teneturatc-094',187184,29,18,1,16,13,10,'Vitae commodi quia deserunt at sint ut. Rerum eveniet animi consequuntur. Numquam corporis consectetur quod consectetur illo. Sunt iste in quis voluptatem omnis quas.','2012-11-19 20:18:26','2021-03-15 09:42:09'),(26,'Rationever-007',54108,23,18,2,2,10,1,'Quam eveniet dolorem vero fugiat iusto cupiditate. Vel in odit aut culpa aliquam rerum totam. Asperiores eos officiis reiciendis ad velit alias.','2017-05-02 07:21:05','2021-03-15 09:42:09'),(27,'Molestiaea-052',107160,1,17,5,28,6,2,'Inventore quam consectetur quidem saepe. Illum ullam iure dolorum qui omnis. Animi illum sint facere ipsam illum unde in.','2017-07-07 22:21:30','2021-03-15 09:42:09'),(28,'Ipsamducim-041',17112,14,5,4,25,5,9,'Laborum est enim sint voluptatem quisquam inventore iusto. Dolor numquam repellat expedita minima omnis.','2011-05-07 18:09:16','2021-03-15 09:42:09'),(29,'Utidetdolo-049',143226,28,19,1,24,1,8,'Velit laboriosam accusamus tempore veritatis ad. Sit doloribus eveniet aut itaque corporis praesentium tempore. Iure commodi porro et corporis ex.','2011-05-19 07:33:40','2021-03-15 09:42:09'),(30,'Voluptatem-024',132180,25,20,4,37,6,6,'Quas maxime architecto ipsa repellendus nihil est. Iure ut et rem reprehenderit. Quod omnis dolor illo sunt aut qui.','2016-01-18 06:41:59','2021-03-15 09:42:09'),(31,'Consectetu-072',101181,26,3,2,6,3,1,'Eos adipisci ut ut aliquid exercitationem sed culpa. Dolor aut eveniet cupiditate nulla eaque sit. Accusamus illo nemo nihil voluptates pariatur. Temporibus blanditiis excepturi optio dolores doloremque.','2018-07-20 16:50:23','2021-03-15 09:42:09'),(32,'Quietquasd-092',200247,6,4,5,5,14,3,'Sit in magni sint totam rem inventore. Quia dolore totam quo atque esse dignissimos. Vel id id sit voluptas expedita deserunt. Optio autem ex non alias omnis quis voluptas.','2012-01-02 04:29:19','2021-03-15 09:42:09'),(33,'Repudianda-045',136147,10,7,3,3,15,8,'Illo dignissimos voluptas temporibus consequatur nesciunt accusantium eum. Vel sunt totam occaecati dolorem totam sint. Dicta eius tempore modi. Nihil occaecati voluptatem suscipit distinctio inventore esse.','2020-07-13 14:42:09','2021-03-15 09:42:09'),(34,'Natusaperi-047',69178,29,18,4,1,7,8,'Doloribus porro cum voluptatem consequatur. Id itaque dolore et eius amet. Cumque qui ipsam officia quia voluptas et. Voluptas consequatur enim repudiandae sequi aut nihil.','2017-11-11 07:27:17','2021-03-15 09:42:09'),(35,'Possimuses-002',24733,24,6,4,19,3,2,'Inventore veniam ut quia dolorem quia similique. Quia facilis qui voluptatem nisi fugit sed debitis. Sit quasi tempore nobis suscipit omnis id. Vel perspiciatis qui dolorem exercitationem aut cum vel. Et aut qui enim consequatur.','2016-07-02 09:43:47','2021-03-15 09:42:09'),(36,'Illoutauto-068',255236,30,1,2,16,3,5,'Perferendis repellendus nulla ab reiciendis ut. A repellat ea autem sed impedit aliquid. Sed ex praesentium cumque. Sed temporibus sit sit dolore.','2019-02-11 10:41:17','2021-03-15 09:42:09'),(37,'Dolorereme-036',1424,14,7,4,15,7,6,'Voluptatem dolorem veniam velit eos id. Animi aut quaerat ullam odit. Aut et fugiat in iure laudantium.','2013-12-04 12:02:24','2021-03-15 09:42:09'),(38,'Voluptasvo-076',1326,18,16,5,3,13,8,'Sit et eos impedit aut dignissimos cupiditate aut. Sapiente voluptatibus repellendus provident tempora deserunt alias sit. Sed quaerat maiores reiciendis illum ratione omnis.','2015-07-11 19:26:47','2021-03-15 09:42:09'),(39,'Etaassumen-075',7873,26,16,4,23,13,1,'Nobis quod deleniti debitis eligendi et et et. Laborum eaque harum quam iusto aut. Alias fuga doloribus odit expedita aut omnis. Eius deserunt odit laborum dolor magni ab qui et.','2011-08-24 05:20:38','2021-03-15 09:42:09'),(40,'Laboriosam-050',115248,10,13,2,2,2,6,'Et sed qui saepe animi rem. Saepe excepturi earum blanditiis excepturi. Ut ipsum blanditiis et in odio esse inventore blanditiis.','2019-09-09 07:33:25','2021-03-15 09:42:09'),(41,'Sedeosvero-026',179179,5,2,3,17,7,8,'Quaerat sapiente asperiores provident dolore. Voluptas culpa maiores a occaecati dolorem ab non. Illum ullam aperiam nostrum et et accusamus dolorum.','2012-04-20 19:38:21','2021-03-15 09:42:09'),(42,'Illumquoin-078',1181,27,19,1,21,4,6,'Quos voluptatem sunt maxime totam fugit. At nam excepturi tempora.','2011-10-15 08:01:01','2021-03-15 09:42:09'),(43,'Facereabni-016',138127,1,17,2,35,14,2,'Nam aut aut sit sit reiciendis at voluptatibus ut. Repellendus quibusdam commodi ut numquam velit illum praesentium. Deserunt illo in aut non. Dolores labore veniam totam ut.','2015-04-29 21:21:34','2021-03-15 09:42:09'),(44,'Laborumcon-043',4463,20,16,5,13,5,8,'Voluptate omnis beatae est fugit similique exercitationem. Sunt totam possimus aperiam tempora veritatis. Vel minima quis voluptas omnis possimus cupiditate id vero. Ipsam at aut ea nihil reprehenderit nobis.','2018-07-23 02:27:58','2021-03-15 09:42:09'),(45,'Autmodivel-068',4208,13,13,2,32,10,5,'Pariatur consectetur quia iusto vitae laborum amet id. Numquam repudiandae nihil omnis sapiente. Voluptate ab deserunt ipsa est vitae sapiente maiores. Tempora exercitationem porro aperiam ratione. Corrupti id dicta iste animi quo.','2020-08-19 15:56:34','2021-03-15 09:42:09'),(46,'Eiusdolord-013',192229,10,17,3,37,4,10,'Ipsam qui voluptatem iusto et doloremque. Ipsam libero dolores veniam corporis et voluptates minus. Non dolorem pariatur dolorem voluptate dolor. Consequatur dicta ipsum accusamus facere omnis.','2012-11-17 09:22:22','2021-03-15 09:42:09'),(47,'Vitaeadipi-063',178139,20,3,5,31,10,2,'Voluptas id quod temporibus dolorum at. Optio veritatis ut quos a quos et odio. Praesentium veniam asperiores soluta aliquid ullam.','2011-10-03 16:59:17','2021-03-15 09:42:09'),(48,'Porrononei-075',120154,11,13,5,27,8,9,'Officia ut sapiente voluptatem at qui ut quia eligendi. Enim sequi voluptatem eaque deserunt est voluptas maxime.','2012-11-28 21:19:40','2021-03-15 09:42:09'),(49,'Molestiaev-089',20168,26,3,4,32,7,10,'Inventore doloribus quidem fugit id dolorem. Doloribus quaerat nobis in saepe. Quis consequatur perspiciatis quidem nihil at recusandae.','2020-04-13 18:16:16','2021-03-15 09:42:09'),(50,'Ametiddese-023',191247,17,18,3,38,10,3,'Qui est numquam vitae explicabo rem. Omnis quaerat est et. Eum veritatis odit dolor.','2012-07-07 06:31:00','2021-03-15 09:42:09'),(51,'Eosnumquam-044',789,12,20,1,35,13,3,'Eos est ut distinctio sunt eligendi voluptas. Accusamus quo atque modi quidem. Asperiores sit nisi sunt non ipsum.','2018-06-23 00:43:25','2021-03-15 09:42:09'),(52,'Quidemoffi-055',61169,26,11,3,28,5,1,'Voluptatibus dolorem enim facilis corporis minus eos nam. Rem corrupti quidem tenetur fuga dolores. Iure pariatur aut enim illo similique id.','2021-03-14 08:41:05','2021-03-15 09:42:09'),(53,'Illononsim-046',8981,25,13,4,31,5,2,'Necessitatibus et assumenda voluptas voluptatem assumenda. Fuga et dicta inventore qui. Reiciendis doloremque sit ut quae reprehenderit officiis aut voluptas.','2016-04-15 13:18:13','2021-03-15 09:42:09'),(54,'Nihilquibu-063',101140,20,3,2,12,15,8,'Doloribus iusto repellat perspiciatis quos sunt. Necessitatibus est doloribus impedit nostrum veniam odio consectetur non. Dolor quidem vitae nisi ut. Qui harum voluptas ut ut culpa architecto est.','2020-09-15 19:40:55','2021-03-15 09:42:09'),(55,'Exlaborios-077',21294,7,10,3,32,7,3,'Tenetur est adipisci exercitationem et iure. Explicabo laboriosam aut consequatur mollitia molestias.','2015-05-20 08:40:15','2021-03-15 09:42:09'),(56,'Iustoeosip-001',219216,1,16,1,3,11,1,'Sit ad itaque perspiciatis eius ut dolores illum. Odit recusandae nam dolorum amet modi qui consequatur. Quisquam ad et enim eum.','2017-11-16 16:35:08','2021-03-15 09:42:09'),(57,'Eteaqueist-069',248126,11,11,3,30,4,9,'Quasi maiores tenetur et at. Aut ratione labore distinctio sit porro odio sit. Ut ex ea rerum ut cumque ab debitis.','2013-08-18 01:52:25','2021-03-15 09:42:09'),(58,'Sitminusnu-046',156218,23,1,3,17,12,8,'Pariatur eos facilis est error quasi. Non hic eum similique corporis qui sit. Praesentium non neque natus odio nisi.','2017-08-11 14:48:32','2021-03-15 09:42:09'),(59,'Sedillumre-024',97185,17,9,5,34,11,9,'Ea voluptatem ut illum dolor illo et. Qui suscipit ex aspernatur aut. Ad impedit enim natus dolor et rerum. Delectus ut qui ipsum rerum nihil fuga.','2020-07-12 13:32:25','2021-03-15 09:42:09'),(60,'Utodioquol-083',74114,17,19,2,6,12,8,'Doloribus fugit ipsam ipsam ducimus vero. Nam cumque accusamus esse debitis culpa.','2013-08-20 01:02:07','2021-03-15 09:42:09'),(61,'Remquaerat-046',154116,11,16,3,22,13,3,'Velit molestias tempore non ratione aspernatur porro et. Sit autem repudiandae voluptate perferendis debitis. Aut adipisci voluptas ex et expedita architecto. Harum et velit corporis et. Assumenda et dolorem voluptas sapiente quam.','2013-12-22 08:50:10','2021-03-15 09:42:09'),(62,'Nobisomnis-078',216133,18,4,4,5,14,10,'Voluptatem similique quibusdam neque sit velit fugit. Inventore harum et et mollitia dolores sit. Voluptatum dolores numquam aut magnam facere quo. Deserunt dolorem tenetur eius consequuntur nobis facilis architecto.','2018-10-31 09:18:51','2021-03-15 09:42:09'),(63,'Ipsadignis-056',709,30,14,5,19,2,8,'Officia dolorum corporis aut in aperiam sit nemo. Numquam id qui rerum non velit. Fugiat incidunt soluta soluta quam deserunt.','2015-12-25 11:24:10','2021-03-15 09:42:09'),(64,'Quiarchite-049',10635,7,14,1,6,8,10,'Possimus tempora quisquam aut tenetur harum soluta. Iusto doloribus dolor a et suscipit dolor. Necessitatibus a sit maxime consectetur. Et ad beatae ipsam modi et ipsam nihil.','2012-12-14 06:32:44','2021-03-15 09:42:09'),(65,'Quisequire-074',91181,30,1,5,14,3,7,'Aut excepturi dolorem et ipsa labore. Quis neque blanditiis fugit suscipit nam enim. Laborum aut voluptatum blanditiis nobis. Aspernatur sit molestiae assumenda architecto sed totam pariatur consectetur. Blanditiis ipsam itaque nihil ut sed.','2015-04-10 22:57:30','2021-03-15 09:42:09'),(66,'Quosetfuga-027',231140,4,12,2,28,2,2,'Velit numquam non id occaecati omnis id et. Dolorem libero maiores natus veniam qui magni odit. Numquam animi dolores porro numquam quis eius occaecati non.','2018-11-26 02:26:21','2021-03-15 09:42:09'),(67,'Inhiceumut-010',124158,28,14,2,27,12,3,'Ut perspiciatis maxime inventore cum. Tempore unde commodi sit adipisci. Provident consequatur reiciendis distinctio omnis deleniti sit nisi.','2015-07-10 15:53:11','2021-03-15 09:42:09'),(68,'Ipsumautop-071',75152,19,16,5,24,4,1,'Ut ut dolores ad perspiciatis quidem. Deleniti nobis a in eaque commodi. Est necessitatibus aspernatur vel et explicabo dolor. Rerum animi unde at explicabo et quasi est.','2016-05-10 12:08:59','2021-03-15 09:42:09'),(69,'Maximeetvo-028',177169,11,10,4,22,10,3,'Eos quisquam vero nobis qui quibusdam. Nostrum quibusdam distinctio deserunt laudantium ab. Omnis non placeat sint distinctio.','2011-08-15 17:29:32','2021-03-15 09:42:09'),(70,'Numquameve-025',253150,14,12,2,13,14,5,'Sapiente alias facilis dicta voluptas minima. Magnam minus repellendus vero distinctio fugit quia qui. Et et voluptatem itaque autem nostrum ea ipsum. Voluptas dolore enim repudiandae odio. Ipsa quibusdam id placeat esse.','2018-07-22 03:13:23','2021-03-15 09:42:09'),(71,'Eosconsequ-043',71122,29,1,1,13,11,2,'Rerum earum pariatur est dolor quia. Velit et sint commodi reiciendis expedita sed. Qui necessitatibus placeat ut modi et tempore esse. Sed deserunt sequi id. Repellat autem qui eos ipsum.','2015-09-26 22:24:55','2021-03-15 09:42:09'),(72,'Beataequam-042',75,16,13,4,35,5,6,'Maiores earum autem nisi dicta ullam. Ut dignissimos natus adipisci aut officiis veniam. Et aliquam illo et fuga nostrum doloribus enim.','2011-12-05 23:50:31','2021-03-15 09:42:09'),(73,'Eoseumduci-082',116201,5,19,2,5,8,6,'Voluptas ut sunt ab rerum optio aliquam quam. Architecto suscipit harum minus occaecati consequatur ipsa. Ut non quia voluptas cum et.','2016-09-10 03:44:11','2021-03-15 09:42:09'),(74,'Facerevolu-086',10232,6,17,1,36,6,7,'Veniam voluptate ullam recusandae optio. Molestias vero nulla et culpa est culpa quo. Vitae harum sit dolor vel facilis consectetur.','2014-10-24 20:10:23','2021-03-15 09:42:09'),(75,'Asperiores-086',5575,3,17,2,14,3,2,'Dolorem debitis quisquam autem natus repellat quisquam fugiat. Eius ut doloribus rerum sunt non consequatur explicabo. Natus qui maiores porro.','2013-12-24 22:39:33','2021-03-15 09:42:09'),(76,'Saepevolup-073',11833,24,2,1,33,6,9,'Corporis laborum error inventore itaque at consequatur autem. Officia temporibus sequi aut qui veritatis provident. Earum tenetur et ut dolor in totam. Rerum non quod quis aut earum.','2019-10-28 13:58:12','2021-03-15 09:42:09'),(77,'Etetdolore-009',21136,28,18,3,28,12,8,'Iure quaerat quibusdam ducimus rerum. Et debitis optio eligendi molestias perspiciatis et rerum voluptas. Eos commodi eum voluptas vel cum et rem voluptatem. Mollitia assumenda nulla voluptatum non quia et.','2019-06-19 05:51:42','2021-03-15 09:42:09'),(78,'Eosetquivo-022',135156,8,19,4,24,1,2,'Pariatur accusamus necessitatibus officia non qui. Qui autem cupiditate vel alias qui facilis qui. Nihil harum sit cumque sit sint a.','2016-05-14 22:19:04','2021-03-15 09:42:09'),(79,'Doloresmax-085',231249,5,5,1,8,2,5,'Quaerat eos expedita atque. Est et aperiam culpa et. Et quo blanditiis odio dolorum.','2011-10-18 03:26:39','2021-03-15 09:42:09'),(80,'Automniset-064',12199,24,5,2,1,9,4,'Fugit voluptates aut eos id. Atque qui non molestias. Ipsum velit sint possimus nostrum vel tenetur voluptatem.','2016-05-14 16:56:30','2021-03-15 09:42:09'),(81,'Etautconse-065',13310,5,7,3,13,3,9,'Sit nostrum est voluptatem vel qui sed. Tempora illum quia et soluta accusamus necessitatibus. Quo nostrum accusamus voluptatem et.','2019-03-03 03:38:05','2021-03-15 09:42:09'),(82,'Illoauteiu-036',15716,6,2,4,27,12,6,'Optio fugit aperiam qui repellendus odio aut quasi. Quos at ut eum id. Cum sunt saepe a in hic ea quas et.','2013-01-01 01:43:14','2021-03-15 09:42:09'),(83,'Solutacomm-081',160232,14,1,3,6,10,5,'Doloremque dolor iste possimus eligendi ex dolorem. Labore sunt labore eum pariatur cupiditate aperiam neque. Voluptate laborum labore velit impedit sint. Molestiae rerum soluta exercitationem.','2012-12-24 06:39:09','2021-03-15 09:42:09'),(84,'Nequeeteta-002',6683,10,16,4,15,15,8,'Omnis rerum suscipit amet. Nam minus ea molestiae accusantium distinctio qui ipsum. Est dolor aut sed non.','2018-12-15 03:31:14','2021-03-15 09:42:09'),(85,'Etdelectus-066',5154,23,16,5,40,12,6,'Eligendi voluptates ullam quos et voluptatibus sed. Exercitationem voluptas dolor est porro illo. Assumenda iste ut et omnis dicta repellendus animi.','2015-12-14 19:15:09','2021-03-15 09:42:09'),(86,'Nemoaliasa-026',17829,12,19,5,35,4,1,'Possimus doloribus molestias laboriosam ea voluptatum. Error mollitia mollitia fuga nemo tempora. Nihil voluptatem quod quod et. Rem ipsum commodi officiis ipsam autem eius eum.','2012-08-28 18:43:08','2021-03-15 09:42:09'),(87,'Autnostrum-032',203216,22,8,1,20,1,9,'Inventore quasi dolor ut deserunt beatae eligendi exercitationem. Voluptas iusto amet aut dolor. Reiciendis amet placeat praesentium amet sit et dolorem. Dolore amet qui voluptates ut dolore saepe.','2012-09-06 04:28:29','2021-03-15 09:42:09'),(88,'Aspernatur-084',189191,2,10,5,20,10,6,'Vel et qui animi qui incidunt magni. Sit quis labore in perspiciatis exercitationem totam. Recusandae et voluptatem vero corporis ipsum. Rerum asperiores distinctio est maxime vel assumenda est.','2019-12-04 02:04:53','2021-03-15 09:42:09'),(89,'Molestiaep-024',131127,29,20,2,26,5,4,'Rerum aspernatur veniam quaerat quia. Quis accusamus hic qui. Est voluptatum nostrum praesentium quas earum. Praesentium labore officia unde eaque velit error.','2020-05-05 21:44:41','2021-03-15 09:42:09'),(90,'Architecto-070',17786,13,2,1,16,1,9,'Officia voluptates aliquam quae laborum modi dolor illo. Quisquam nostrum pariatur repellendus molestias adipisci est fuga quas. Hic iusto aliquam eligendi omnis dolores consequatur. Sunt deleniti id repellat beatae laborum eligendi culpa nam.','2016-11-09 06:01:53','2021-03-15 09:42:09'),(91,'Doloribusc-079',208109,28,9,4,33,4,10,'Nemo ea mollitia magni non dolore unde nulla. Fugit velit sit similique qui. Rem consequatur aut et ducimus saepe. Totam est nulla est consectetur. Pariatur molestiae inventore ratione minima reprehenderit similique.','2015-08-29 17:19:53','2021-03-15 09:42:09'),(92,'Odiolaboru-086',167244,26,20,2,39,8,5,'Consequatur in temporibus sunt placeat voluptate atque eos veritatis. Sint id exercitationem eos dignissimos atque. Quaerat dolor et asperiores sit nesciunt magni.','2015-12-15 22:22:54','2021-03-15 09:42:09'),(93,'Nequeexped-094',7776,26,11,5,32,1,6,'Vitae delectus praesentium laborum et veniam cupiditate. Magnam qui suscipit ullam eveniet minus. Quia consectetur velit quisquam eos. Est quo facilis perspiciatis asperiores et at.','2017-12-02 21:53:44','2021-03-15 09:42:09'),(94,'Voluptatum-015',25204,11,20,3,28,9,8,'Repellendus qui voluptatibus quibusdam modi officiis ad dolor facilis. Voluptatem dolor vitae et non. Quo distinctio quos ea quasi odit.','2020-03-24 10:53:32','2021-03-15 09:42:09'),(95,'Voluptasau-089',39147,30,20,5,4,6,9,'Quam perspiciatis odit quia est neque illo laborum. Molestias aut non facilis ullam cumque reprehenderit. Blanditiis et dignissimos ut accusantium illum et.','2016-01-22 21:14:15','2021-03-15 09:42:09'),(96,'Voluptatem-005',229218,29,7,2,29,3,6,'Ut temporibus deleniti magnam aut. Earum perferendis quo officiis nostrum nisi. Repudiandae quia nihil reprehenderit et.','2012-04-11 23:01:22','2021-03-15 09:42:09'),(97,'Veniamdolo-058',142138,21,20,3,2,15,1,'Mollitia fuga officiis quisquam dicta. Dolores mollitia veniam est totam magnam sit. Maiores quo maiores cum officiis.','2014-07-04 20:26:30','2021-03-15 09:42:09'),(98,'Velitvitae-075',208250,14,17,3,14,10,6,'Ducimus consequatur non debitis quaerat ea. Quam dolorum aut officiis sint et. Soluta numquam quo facere dolorum sunt enim praesentium. Qui eaque nemo nihil voluptatem tenetur.','2018-03-27 10:03:36','2021-03-15 09:42:09'),(99,'Similiques-005',69214,26,19,3,14,10,2,'Ex ipsa dolorum nulla laborum. Minima et qui minus doloremque non fugiat. Odio debitis blanditiis est beatae. Minus iure placeat odit incidunt sit. Eum enim quod recusandae nostrum assumenda delectus sapiente.','2016-05-21 19:53:18','2021-03-15 09:42:09'),(100,'Namautautp-096',157217,4,13,1,39,11,6,'Iusto sed perspiciatis sed eos fugit non nostrum. Incidunt ducimus nesciunt dolor sed. Deleniti voluptas tempore quas praesentium saepe possimus. Nostrum voluptatem temporibus et vitae corporis cupiditate fuga.','2020-05-14 13:47:10','2021-03-15 09:42:09'),(101,'Voluptatum-069',105176,26,14,5,6,6,10,'Quo laboriosam rerum nobis et dolores. Aperiam saepe esse non sed laborum doloribus et. Ut voluptatibus sunt nesciunt nihil sequi voluptas. Cumque sed ullam placeat fuga illo.','2011-05-14 17:46:25','2021-03-15 09:42:09'),(102,'Mollitiato-060',215235,22,2,5,11,2,10,'Provident quia maxime laborum aut. Consequuntur in et voluptatum facere. Et suscipit reiciendis voluptatum optio dicta.','2011-05-14 11:58:32','2021-03-15 09:42:09'),(103,'Nihilnulla-093',116190,10,12,4,36,14,4,'Tempora quibusdam velit exercitationem est voluptatem velit suscipit placeat. Eum fugiat enim facere. Rerum pariatur est aut sint odit et. Voluptatibus numquam quaerat aut eum.','2015-10-29 14:15:52','2021-03-15 09:42:09'),(104,'Atqueoffic-086',21433,14,16,2,40,2,10,'Voluptas neque quas minima et deserunt voluptas. Modi illo nisi necessitatibus ratione. Et qui aperiam exercitationem saepe. Rerum nemo iste id ea hic fuga voluptatibus est.','2016-01-26 07:16:09','2021-03-15 09:42:09'),(105,'Quoaccusam-054',22876,3,5,3,9,3,3,'Explicabo est aperiam quia porro quasi nihil omnis. Reprehenderit voluptas velit sint quam.','2021-02-04 21:05:51','2021-03-15 09:42:09'),(106,'Odioetunde-010',50213,22,1,5,22,3,3,'Excepturi deleniti et porro nulla non. Hic aut nesciunt nostrum. Voluptatem fugiat quam voluptas maiores et id vel.','2015-07-09 05:20:15','2021-03-15 09:42:09'),(107,'Nihilbland-088',20140,16,18,2,19,3,5,'Veniam qui quae numquam modi alias. Sit in dolorem occaecati perspiciatis quibusdam eos. Beatae omnis ut velit veniam pariatur quos.','2020-11-02 04:14:27','2021-03-15 09:42:09'),(108,'Enimabulla-014',15573,12,10,5,6,5,9,'Mollitia dolor ea veritatis magni commodi tempore. Nobis repudiandae quam dolor est voluptas est quia. Eveniet saepe amet veniam aliquid ducimus ipsa quas. Doloribus iste error eos omnis praesentium tempore.','2015-03-30 05:11:05','2021-03-15 09:42:09'),(109,'Quisnullam-006',220126,16,16,4,33,12,8,'Id dolorem accusantium sed quo vel suscipit recusandae. Nam autem odio et alias consectetur sapiente. Iusto ea adipisci eum et dolores et.','2016-04-18 19:59:55','2021-03-15 09:42:09'),(110,'Vitaeomnis-087',193142,23,18,5,14,2,2,'Aliquid aut saepe sint quis enim vero ratione. Blanditiis et voluptate eveniet et tempora. Voluptates provident dolore nobis eveniet nemo. Eveniet non saepe fugiat illo commodi ea.','2020-12-17 12:13:24','2021-03-15 09:42:09'),(111,'Accusamust-020',11075,19,16,1,22,6,4,'Aut est minus officiis veritatis. Et amet nostrum non modi voluptatibus omnis exercitationem. Ratione sint recusandae aspernatur earum aut architecto quas dignissimos. Cumque fugit beatae blanditiis quia dolores id.','2011-05-23 18:58:00','2021-03-15 09:42:09'),(112,'Repudianda-039',4391,26,18,2,8,5,4,'Recusandae totam ad quos officiis eum. Quam necessitatibus quo ad. Aliquam impedit hic sunt expedita. Repellat debitis iure inventore atque debitis quia vel.','2019-09-18 11:41:06','2021-03-15 09:42:09'),(113,'Providentf-036',11157,19,15,5,25,13,2,'Aperiam quasi rerum corporis odio modi voluptates voluptates. Omnis rerum deserunt cumque distinctio fugiat. Velit illum alias velit impedit et est voluptatum.','2013-11-29 04:46:54','2021-03-15 09:42:09'),(114,'Nonquosaut-065',75207,16,8,5,7,3,8,'Quasi ut non tenetur qui. Est odit rerum tempore aut neque totam. Fuga vero odio eius dolorum ad a nemo veniam. Officiis est iusto optio laudantium.','2017-09-22 18:49:37','2021-03-15 09:42:09'),(115,'Etipsambea-019',15265,27,19,3,35,4,7,'Molestiae occaecati libero non. Tempora architecto quam maiores magnam eum. Nobis quia officiis ut rerum maxime amet.','2011-11-23 02:44:53','2021-03-15 09:42:09'),(116,'Eumasperna-000',1899,1,18,3,8,7,9,'Debitis ipsum odio laudantium nesciunt. Dolores aliquam sint non officia voluptatibus delectus praesentium quia. Laudantium fuga velit accusamus voluptatem.','2017-07-07 00:24:10','2021-03-15 09:42:09'),(117,'Architecto-041',21792,17,5,4,33,7,10,'Et at perspiciatis voluptas delectus. Cumque quis dignissimos cumque. Vero eum vero totam doloremque magnam sed omnis.','2017-07-13 19:27:06','2021-03-15 09:42:09'),(118,'Eaquieosqu-010',94179,7,2,4,3,11,6,'Sit omnis officiis quo nam eum. Molestiae blanditiis esse et eius sapiente corrupti quasi. Id ea magni porro eum voluptatem provident. Rerum eius minus nam adipisci.','2013-02-24 19:04:37','2021-03-15 09:42:09'),(119,'Estetvitae-023',16733,8,4,5,9,6,1,'Sed amet consequatur ex consequatur voluptatibus rerum nobis. Iste quis accusamus aut amet. Quam qui et rerum numquam laudantium.','2014-05-12 15:51:06','2021-03-15 09:42:09'),(120,'Nullanisie-089',112,29,5,5,22,2,3,'Voluptatum accusantium quia maxime necessitatibus aliquid voluptas sunt. Sunt similique et voluptatum et. Rerum harum excepturi eos illo. Possimus ut est sed quod veniam sunt eaque.','2016-02-01 15:40:17','2021-03-15 09:42:09'),(121,'Voluptatib-079',201182,6,3,1,27,5,6,'Dolor placeat iusto a harum et. Quaerat doloremque ea maxime voluptatem atque.','2018-01-10 11:23:55','2021-03-15 09:42:09'),(122,'Remcommodi-027',35228,14,18,4,5,11,3,'Enim tempora eos dolore voluptates. Fugiat et nam sed beatae officiis et. Omnis et ea quis dolores.','2019-04-21 00:31:24','2021-03-15 09:42:09'),(123,'Possimusul-097',106143,3,19,2,31,15,10,'Nisi aliquid ea dolorem. Sed sequi eveniet repellendus eos ut non enim. Qui incidunt iusto error quae officiis.','2014-04-15 10:33:07','2021-03-15 09:42:09'),(124,'Idnonvolup-010',25215,9,5,1,7,7,5,'Aut et debitis ut. Doloribus error qui beatae optio quis accusamus architecto doloremque. Accusamus distinctio omnis neque enim quibusdam illo corporis. Reprehenderit alias nam inventore.','2017-12-20 17:22:52','2021-03-15 09:42:09'),(125,'Atdoloresm-055',15928,7,8,4,8,14,8,'Vel repellat optio dolor quia debitis. Ea vel dolorem quos odit. Non molestias voluptas quo suscipit facilis at et. Aut sit veritatis et tempora.','2012-01-09 18:51:33','2021-03-15 09:42:09'),(126,'Utvoluptat-050',7022,14,2,5,23,12,2,'Ipsa est sed nobis incidunt. Aut est voluptas et. Doloribus rem sit quia et ab.','2021-01-16 23:29:27','2021-03-15 09:42:09'),(127,'Idnumquamc-085',11320,3,5,1,35,6,8,'Quis harum pariatur deleniti quis veritatis nemo repellendus. Quia quis iste non ex minima rerum libero. Id quo sequi accusamus rem ducimus. Adipisci velit omnis eius recusandae illo. Exercitationem saepe perferendis aperiam id officiis.','2016-08-12 17:54:11','2021-03-15 09:42:09'),(128,'Eligendimo-075',105250,3,9,4,14,3,7,'In praesentium incidunt harum voluptatem et. Corrupti molestiae aut accusantium placeat.','2013-03-13 11:40:17','2021-03-15 09:42:09'),(129,'Errorodita-023',220150,9,10,5,16,10,3,'Eligendi magnam ut assumenda eius voluptatum quia aut. Dicta aut saepe provident possimus. Saepe voluptatem consequatur culpa ad voluptatum. Sunt itaque cumque assumenda reiciendis minus.','2011-09-02 14:10:36','2021-03-15 09:42:09'),(130,'Quinonsint-088',21648,26,17,4,22,1,6,'Laboriosam vel sit atque itaque qui sequi. Non minima iste reprehenderit hic aliquam beatae et. Dolorem qui expedita quia nostrum minus. Odit et delectus sunt et placeat.','2017-02-13 15:28:31','2021-03-15 09:42:09'),(131,'Repudianda-075',250226,10,10,4,9,1,5,'Dignissimos atque iure eius et. Sit repudiandae iusto ipsam aut. Omnis dicta aut laborum quasi qui earum.','2018-12-15 07:55:10','2021-03-15 09:42:09'),(132,'Temporibus-010',233118,13,2,4,19,15,10,'Voluptatem temporibus corrupti occaecati alias nemo. Quasi enim aut aut. Nemo inventore officia architecto ab repellat quia veniam qui. Reiciendis illo nihil doloremque autem autem illo eligendi. Culpa ut aliquam et cupiditate modi.','2014-12-03 16:48:03','2021-03-15 09:42:09'),(133,'Molestiaen-027',212186,7,1,3,35,6,6,'Maxime voluptas perspiciatis vel cum iusto. Ut enim aperiam rerum nihil qui aperiam. Iusto magni excepturi iure mollitia non nulla totam. Ut ab non vel molestiae.','2012-06-20 15:03:52','2021-03-15 09:42:09'),(134,'Quiamagnia-005',30217,15,13,1,15,1,7,'Voluptas accusantium sapiente in assumenda. Minima est deleniti ratione ut maiores culpa odio. Dolore totam dolore non. Sunt quo a tempore sint nobis accusamus.','2017-08-26 04:32:22','2021-03-15 09:42:09'),(135,'Officiacon-042',27136,20,18,3,13,7,6,'Dolor dignissimos harum ullam fugiat fugit aperiam. Ab voluptatum repellendus commodi et illum. Ut sed culpa commodi ipsum quidem in. Repudiandae magni tempore sint ea ea saepe et. Consequatur porro nihil necessitatibus.','2013-09-20 05:11:39','2021-03-15 09:42:09'),(136,'Possimusli-000',83139,27,15,1,23,15,1,'Nesciunt eum mollitia vel id optio. Et ut repellat quo qui sint molestiae. Et voluptas aliquid perferendis ab non. Minus et ullam quo deserunt id non quia.','2020-01-08 03:13:47','2021-03-15 09:42:09'),(137,'Hicmolesti-072',11634,30,7,1,25,13,1,'Quisquam facere laborum harum eum quis facilis. Voluptatum voluptatum voluptatem eius consequuntur nulla. Cupiditate doloribus omnis aut ad accusantium amet sed. Sapiente ipsum illum minima temporibus in omnis quasi consequuntur.','2017-07-06 18:34:45','2021-03-15 09:42:09'),(138,'Ipsumsedau-063',123,19,1,1,1,14,5,'Quis delectus pariatur earum quis minus. Dolores totam est rerum repellat. Velit et nemo id. Corrupti dolorem amet alias accusantium distinctio.','2011-06-08 20:46:15','2021-03-15 09:42:09'),(139,'Aliquidmol-002',160191,19,8,1,27,11,1,'Dolor quo debitis magnam sapiente. Eaque quam quibusdam et non vero veritatis nostrum. Iusto quia qui neque suscipit natus voluptates laboriosam autem. Labore ratione explicabo cum voluptatibus occaecati.','2013-09-25 11:42:32','2021-03-15 09:42:09'),(140,'Aspernatur-019',102124,12,8,5,37,11,4,'Voluptatibus molestiae rerum exercitationem eum quidem tenetur nesciunt. Enim magni rerum ab omnis. Quam facere voluptatem et illum et aut. Est expedita et sit voluptate sed vel.','2016-02-06 21:19:16','2021-03-15 09:42:09'),(141,'Autemmoles-091',235211,14,12,1,20,2,1,'Sequi ratione error nemo placeat eligendi voluptate voluptatem. Sed maxime maiores qui recusandae. Perferendis voluptatem odio molestiae iure dolorem rerum.','2011-08-01 12:58:35','2021-03-15 09:42:09'),(142,'Rerumaliqu-000',119179,16,2,2,25,11,2,'Blanditiis est earum totam cupiditate. Dignissimos accusamus corrupti sit corporis voluptas ea. Nisi nihil quia vel soluta illum debitis. Maxime maiores similique nihil dolore iure molestias.','2018-10-23 03:13:36','2021-03-15 09:42:09'),(143,'Autaliquid-024',54228,21,7,1,31,5,1,'Est quidem nihil aut. Itaque nihil sequi exercitationem et nihil sed. Ut consequatur repudiandae cumque provident fugit. Ea ullam aperiam suscipit rerum sunt et ipsum.','2013-05-18 04:30:08','2021-03-15 09:42:09'),(144,'Sitinomnis-021',375,7,19,3,12,9,2,'Eos velit quaerat sint mollitia soluta. Cum accusantium dolorum aut ut blanditiis. Aut deleniti est molestiae omnis aut quae. Deserunt quaerat quos fuga nostrum consequatur voluptatem.','2011-12-26 09:53:32','2021-03-15 09:42:09'),(145,'Corruptiha-034',553,12,20,3,13,14,3,'Sit voluptas incidunt non id saepe. Magnam eaque consequuntur porro earum commodi. Reiciendis qui maiores aut minima a. Consectetur quis esse quo id aliquid possimus. Dolore ratione est non qui quidem quisquam sunt.','2019-01-14 22:15:16','2021-03-15 09:42:09'),(146,'Reprehende-009',232197,20,7,4,30,13,10,'Eos dolorum autem expedita excepturi cumque. Sunt laboriosam est nobis tempora quia quo. Vitae velit quisquam molestiae non.','2013-03-13 07:06:11','2021-03-15 09:42:09'),(147,'Quibusdamc-041',600,23,7,5,5,14,8,'Rerum vel perspiciatis molestias laborum non. Est et similique temporibus autem. Totam sit eius sed dolorem.','2016-12-06 10:42:32','2021-03-15 09:42:09'),(148,'Oditsitasp-080',13219,9,13,1,19,6,4,'Provident voluptatem non quis sapiente. Sunt aliquam animi nihil.','2018-03-24 02:08:27','2021-03-15 09:42:09'),(149,'Quodaliqui-078',97123,16,13,2,39,14,9,'Perspiciatis doloribus et fugit et. Autem velit dolorem magnam sint aspernatur et officia. Minus quis perferendis sequi.','2018-12-28 23:51:36','2021-03-15 09:42:09'),(150,'Eosconsequ-052',5393,5,6,5,29,9,7,'Ipsa consequatur at aliquam minima quia. Dignissimos dolorem itaque quas rem dolorum consequatur sed architecto. Consequatur et explicabo magnam.','2019-04-30 21:42:38','2021-03-15 09:42:09'),(151,'Etsuscipit-026',3181,28,5,1,30,15,9,'Quod et quam exercitationem natus esse sint. Sed aspernatur minima inventore quis. Qui labore cum quam ipsa laborum dolor accusamus. Nobis ad laborum id impedit sed ut.','2018-12-10 20:22:47','2021-03-15 09:42:09'),(152,'Necessitat-074',182110,20,15,1,26,13,2,'Ratione quam aliquam dolorum sunt porro. Ea et laborum ad est vero. Enim nisi vero in non ipsam magni et ipsam. Consequatur accusamus dicta omnis sunt sint.','2015-01-17 11:16:35','2021-03-15 09:42:09'),(153,'Delectusat-095',113251,11,2,4,15,9,2,'Voluptas repudiandae rerum ad non. Quos mollitia ex id doloribus. Et alias qui corrupti vel. Asperiores quia ducimus laboriosam molestias.','2011-06-29 19:21:20','2021-03-15 09:42:09'),(154,'Occaecatie-057',172195,21,2,4,39,1,7,'Hic deleniti est possimus vero. Odio nam nihil quod accusantium voluptas. Quisquam et tempore non. Earum laboriosam corrupti unde facere rerum nobis molestiae iusto.','2012-11-12 12:33:49','2021-03-15 09:42:09'),(155,'Deseruntre-096',4145,25,4,5,26,14,5,'Quibusdam sapiente eos animi dolore fugit. Occaecati quisquam aperiam et. Tempora neque autem dolorum voluptatem.','2016-07-05 19:25:06','2021-03-15 09:42:09'),(156,'Veritatise-015',175113,11,17,4,15,9,7,'Vero est eius ab quidem. Dolorem libero quos nesciunt quasi sint facere eius accusamus. Autem asperiores doloremque autem consequatur eum consequuntur.','2014-09-16 21:02:32','2021-03-15 09:42:09'),(157,'Accusantiu-083',8536,7,4,2,16,13,2,'Exercitationem minima et illum doloribus tempora fuga ut. Accusantium quia veniam incidunt sed vel non. Et doloremque inventore omnis nulla aliquid. At consectetur qui accusantium animi quo neque. Suscipit fugit ducimus enim quia occaecati.','2012-12-29 02:04:58','2021-03-15 09:42:09'),(158,'Laudantium-073',82242,15,4,2,9,8,9,'Sed placeat maxime quae consequatur ullam dolorum ex. Iure ut eveniet dolor temporibus recusandae. Vero ullam laborum voluptatibus recusandae rerum.','2018-01-27 16:55:07','2021-03-15 09:42:09'),(159,'Nisiullamr-020',10852,10,5,5,2,3,10,'Non consequuntur est voluptatem laudantium blanditiis minima voluptatem. Asperiores natus quis a culpa laborum dignissimos. Repellat deserunt amet dicta officiis. Omnis et quos eligendi assumenda.','2014-01-02 07:59:36','2021-03-15 09:42:09'),(160,'Voluptasut-077',7450,20,20,1,21,10,1,'Et omnis labore architecto quam laudantium adipisci unde architecto. A vitae et quos quibusdam necessitatibus cumque. Corporis deserunt error quasi doloribus sit nemo consequatur. Voluptate officiis officia recusandae facilis.','2020-12-15 04:11:28','2021-03-15 09:42:09'),(161,'Distinctio-029',6480,30,20,5,27,6,4,'Ut natus officia necessitatibus et est. Aut harum numquam consequatur et voluptas itaque non aut. Cumque ut nobis officia eum vel qui.','2012-02-05 19:54:04','2021-03-15 09:42:09'),(162,'Nullaetfug-015',19035,10,12,3,27,15,4,'Cum voluptas omnis eius aspernatur et. Et sit voluptas voluptatem assumenda aperiam dolore delectus. Consequatur eius quasi rerum ipsam id nisi hic. Ut quam exercitationem occaecati quo aut.','2011-07-02 10:59:31','2021-03-15 09:42:09'),(163,'Dolorrecus-086',487,26,10,3,5,11,1,'Consequuntur sint qui quae explicabo sequi natus. Assumenda aliquid neque eos dignissimos a nihil molestias. Aliquam et in voluptatum.','2013-06-20 08:50:53','2021-03-15 09:42:09'),(164,'Idenimvelr-089',16833,28,20,2,33,1,5,'Qui numquam cupiditate ratione qui occaecati. Non et ut soluta fugit. Dolorem eveniet eum ut doloribus facilis nihil officiis. Magnam consequatur alias eos excepturi facere exercitationem rem.','2018-03-25 14:01:13','2021-03-15 09:42:09'),(165,'Velvolupta-088',152233,22,14,3,34,3,1,'Omnis consectetur sunt optio perferendis est et rerum. Et necessitatibus laborum eaque cum maiores.','2020-06-30 04:18:55','2021-03-15 09:42:09'),(166,'Corruptisi-073',28178,25,3,1,27,12,4,'Ut commodi sed eaque repellat voluptatibus asperiores. Beatae natus amet sed omnis consectetur. Enim repellat ut natus quisquam.','2014-10-14 10:50:43','2021-03-15 09:42:09'),(167,'Etetquisvo-005',24618,2,3,5,25,12,10,'Libero et reiciendis ut officia quia. Sint vitae qui ipsam itaque nesciunt maxime tempora et. Sit aliquam autem praesentium ipsa fugit sed. Ullam dolorem eum voluptatem praesentium totam. Excepturi quas voluptatibus qui et consequatur.','2011-04-05 08:07:28','2021-03-15 09:42:09'),(168,'Quasiiuree-003',214216,30,13,2,22,11,1,'Odit aut rem asperiores sunt ducimus numquam. Sapiente voluptatibus fugiat recusandae. Et omnis quas consequuntur ea. Architecto nemo nulla ea velit consequuntur ea quidem.','2017-09-25 18:34:04','2021-03-15 09:42:09'),(169,'Advelitita-000',220181,19,13,1,36,7,1,'Amet pariatur qui unde. Aut porro et in qui. Distinctio quia nulla est repudiandae. Quaerat ut voluptates tempora animi quisquam explicabo. Qui est temporibus labore voluptatum et odit.','2011-05-21 15:50:59','2021-03-15 09:42:09'),(170,'Autaliquam-090',226192,11,4,4,33,1,9,'Atque laborum dolorem dolorem non dolor iste sit nobis. Nobis exercitationem aut consectetur ea repudiandae eos rerum. Et et iusto est velit enim. Molestiae laboriosam eum deserunt et commodi ea ratione.','2015-09-30 21:20:10','2021-03-15 09:42:09'),(171,'Repellendu-054',121164,27,17,1,38,8,9,'Rerum itaque officia eum itaque enim occaecati. Ut ad qui eaque placeat reprehenderit.','2014-06-25 07:59:16','2021-03-15 09:42:09'),(172,'Eaomnistem-000',22997,10,11,5,12,2,7,'Sunt facere et non saepe. Molestiae hic ducimus autem architecto mollitia. Voluptatem autem adipisci aut expedita quas et.','2013-04-19 10:00:52','2021-03-15 09:42:09'),(173,'Exercitati-038',2612,7,3,2,24,10,1,'Facere sint autem autem quasi. Aperiam sunt a nisi optio. Inventore quasi esse error voluptates harum nisi quia.','2012-04-04 19:49:09','2021-03-15 09:42:09'),(174,'Nihilsintm-089',147174,20,6,4,28,3,2,'Qui similique occaecati amet qui quam. Quis aliquam iste nostrum quisquam hic vero et. Impedit quam ut omnis cumque ea.','2016-10-07 15:38:39','2021-03-15 09:42:09'),(175,'Excepturim-037',20144,23,11,2,19,6,4,'Est laboriosam laborum et temporibus qui et voluptates. Sint et sapiente pariatur eius. Veritatis id et repudiandae rerum.','2011-03-23 02:45:29','2021-03-15 09:42:09'),(176,'Aliquamsed-015',2116,11,5,1,15,3,7,'Voluptatem et delectus et reprehenderit accusantium. Enim esse commodi temporibus nobis. Tempora commodi et consectetur ipsa quae a molestiae.','2012-04-28 12:13:31','2021-03-15 09:42:09'),(177,'Cupiditate-064',220204,6,10,1,5,12,4,'Modi praesentium et recusandae architecto in tenetur qui. Et minima soluta et doloribus. Nostrum rerum dolor exercitationem aut.','2012-01-25 19:10:29','2021-03-15 09:42:09'),(178,'Corporisof-077',214165,25,20,3,6,9,1,'Alias dolorem hic ea id et voluptatem. Laboriosam quis pariatur quis sit iure id aliquid. Commodi et sit quo. Quae repudiandae et aliquam et iure aut dolor.','2014-03-02 17:17:52','2021-03-15 09:42:09'),(179,'Doloribusn-097',5159,6,5,2,35,14,6,'Provident sit vel quam velit voluptates suscipit voluptatibus. Minima voluptatem sed minus et nesciunt corporis nisi. Consequatur quo ut adipisci aliquam ipsum qui.','2020-11-13 17:50:57','2021-03-15 09:42:09'),(180,'Esseodiofa-056',171212,30,13,1,13,2,4,'Tempore quas voluptatem rerum. In atque facilis sequi fugit inventore rem dolor. Et perspiciatis ut eligendi quia accusamus. Veritatis qui earum expedita et laudantium accusamus quod.','2015-10-15 09:19:47','2021-03-15 09:42:09'),(181,'Rerumvelit-086',75237,19,9,4,32,13,8,'Voluptas nihil suscipit et reprehenderit et. Tenetur expedita quia vitae ipsum eos. Odio totam harum numquam quaerat odit saepe. Occaecati id qui temporibus.','2015-10-13 06:43:06','2021-03-15 09:42:09'),(182,'Delenitiqu-066',176,13,1,2,24,2,1,'Distinctio et et laudantium consequatur fugit. Recusandae ea et voluptas distinctio. Veritatis nulla consequatur assumenda recusandae qui nesciunt qui.','2019-02-23 21:55:43','2021-03-15 09:42:09'),(183,'Underecusa-074',20240,28,20,1,14,2,7,'Unde et ut in ut tempora officia consequatur aliquam. Hic laborum doloribus qui debitis minus corrupti. Officia ut optio perspiciatis assumenda iure reprehenderit aut quia.','2014-09-26 02:53:52','2021-03-15 09:42:09'),(184,'Autsintvol-072',12234,13,6,5,32,2,8,'Soluta iusto tempora rem praesentium. Qui quo vel odio dolorem. Qui delectus consequuntur expedita aut iure non quibusdam nihil. Doloribus doloremque dignissimos omnis distinctio qui porro.','2018-11-21 15:53:47','2021-03-15 09:42:09'),(185,'Eumomniscu-039',195172,9,3,2,14,7,5,'Aut sed velit explicabo tempora. Id excepturi ullam ex magni. Reprehenderit et eius est enim.','2012-06-28 08:44:14','2021-03-15 09:42:09'),(186,'Asitdebiti-079',5630,22,1,5,14,13,8,'Excepturi ducimus soluta numquam debitis et quo quas. Ipsam quia error animi reiciendis qui. Qui ut alias consequatur dolores incidunt. Dicta iste beatae ipsam et. Aut quasi quam incidunt aut corporis voluptas.','2014-05-17 23:34:41','2021-03-15 09:42:09'),(187,'Quisquamqu-080',12751,4,6,4,16,13,9,'Qui ipsam nisi quia vel quia occaecati libero. Et sit molestias et eos.','2013-07-19 11:36:37','2021-03-15 09:42:09'),(188,'Vitaeautet-066',165170,14,16,5,20,2,10,'Modi ipsam eos iusto laudantium voluptas. Et fugiat eum sint modi enim qui consectetur. Adipisci libero repellendus quod explicabo temporibus autem. Sapiente tenetur fugiat cupiditate ut tempore. Eum mollitia est officia quia quidem eos.','2014-11-07 19:54:19','2021-03-15 09:42:09'),(189,'Istesuntha-092',84208,3,11,1,38,5,3,'Placeat reiciendis ad harum incidunt earum et sed qui. Doloribus qui iure debitis magni. Molestiae est atque dignissimos inventore. Rerum culpa non blanditiis ipsa dignissimos repellendus. Aut fugiat ex culpa velit sed voluptas.','2013-07-05 17:19:15','2021-03-15 09:42:09'),(190,'Culpasedet-062',7899,21,12,2,3,14,9,'Id vel perferendis a qui provident repellat cumque. Eum quia laborum aut. Occaecati doloribus nihil fugit officiis atque nobis.','2014-12-25 06:39:06','2021-03-15 09:42:09'),(191,'Ducimusaut-035',15173,17,14,5,19,15,7,'Veniam fugit deserunt aut assumenda cum est sit. Et modi occaecati iusto illum dolor nisi. Omnis molestias soluta quisquam magni aut dignissimos facere. Ut quos magnam cumque rerum et repellendus nihil. Libero voluptatem et et eveniet amet.','2011-08-18 23:32:06','2021-03-15 09:42:09'),(192,'Reprehende-090',25055,7,2,5,39,8,8,'Perferendis repellendus voluptatem rerum quod qui cumque. Ipsa eos aut unde. Voluptas mollitia nam illo voluptatibus. Sunt id et sint est.','2014-05-21 20:45:48','2021-03-15 09:42:09'),(193,'Etutexquae-045',7313,26,19,3,28,6,7,'Qui expedita assumenda et fugit ea. Delectus ut reprehenderit ut ut aut qui et. Dolorem non ut nihil possimus. Nihil quia et quis et quaerat.','2012-03-13 18:35:34','2021-03-15 09:42:09'),(194,'Ipsainquor-058',5685,18,10,1,31,7,5,'Pariatur praesentium culpa sequi quia impedit saepe dolorem non. Laboriosam est est voluptatem aperiam. Mollitia quia explicabo dolor sequi earum id.','2020-03-06 20:09:08','2021-03-15 09:42:09'),(195,'Voluptatem-055',63120,2,3,1,18,3,10,'Totam possimus voluptatem et vel officia aliquid dolorum voluptatem. Vel sequi quibusdam illo odio. Rerum blanditiis assumenda non molestias. Alias porro fuga nisi eveniet mollitia.','2016-10-04 04:04:14','2021-03-15 09:42:09'),(196,'Quiafacili-003',12727,8,15,3,4,3,6,'Recusandae reiciendis et quod facere. Quis placeat facilis et facere laboriosam aspernatur tenetur. Nisi voluptas consequatur modi natus ullam aut. Nihil rerum temporibus et aut inventore.','2015-11-16 08:22:48','2021-03-15 09:42:09'),(197,'Sitculpare-048',77137,24,8,4,29,6,2,'Non inventore natus nemo aspernatur sed repudiandae neque quis. Unde incidunt in earum. At repudiandae dolorem hic et. Reiciendis commodi ad ducimus et eum in. Amet molestias omnis quis velit.','2012-07-11 22:54:09','2021-03-15 09:42:09'),(198,'Totametcon-034',4564,16,5,1,3,14,5,'Officiis iusto velit laudantium cumque qui quos qui. Voluptatem nisi nostrum illum quod. Fugit deleniti facere occaecati voluptas et. Iure quos soluta harum harum.','2011-06-30 14:25:41','2021-03-15 09:42:09'),(199,'Corruptinu-028',1736,22,10,5,35,4,5,'Sit qui ex veniam nisi id blanditiis fugit. Vel facere quibusdam nisi vitae distinctio alias natus. Esse repudiandae aut minima. Voluptate optio adipisci et totam esse assumenda quia totam.','2013-08-13 16:17:06','2021-03-15 09:42:09'),(200,'Oditidetex-039',246143,9,6,3,13,11,7,'Non omnis beatae dolore ad. Tempore sequi aperiam ad sint repellendus eveniet. Deserunt ut consectetur sed aliquid sit. In aut voluptates minus veniam.','2013-06-22 17:22:28','2021-03-15 09:42:09'),(201,'Quisquamut-010',229218,8,19,2,35,1,6,'Nemo sed qui ab quas velit. Culpa nam laudantium consequatur occaecati officiis impedit. Totam pariatur nam blanditiis animi eligendi excepturi ipsam. Consequatur ducimus quam in molestias impedit omnis.','2020-05-08 23:29:33','2021-03-15 09:42:09'),(202,'Quiametvol-032',236147,14,17,5,5,9,4,'Sed ea dolorum omnis est qui sit. Cupiditate tempore libero mollitia quasi. Magni laborum minima eos eveniet et asperiores et.','2012-01-17 00:22:16','2021-03-15 09:42:09'),(203,'Explicabov-031',82184,9,1,3,14,2,4,'Excepturi amet id eum et sit. Ex qui modi rerum aut dolor iusto. Quaerat saepe qui repellendus reiciendis. Voluptas sit sed est repellendus possimus.','2019-12-07 17:10:27','2021-03-15 09:42:09'),(204,'Cupiditate-059',149239,25,17,5,32,11,2,'Facere tempore molestias aut itaque numquam expedita. Nobis omnis nihil nostrum voluptatibus. Dolor nam voluptatem sequi dignissimos. Nostrum dolores quo dolores iure et.','2016-04-25 00:16:25','2021-03-15 09:42:09'),(205,'Veniamdele-006',239226,6,20,2,28,5,1,'Quibusdam cumque molestiae architecto explicabo magni quia quisquam. Nisi nihil dolorem odit quo omnis rerum. Commodi accusamus qui qui quis dolorum repudiandae esse.','2011-12-10 20:24:10','2021-03-15 09:42:09'),(206,'Dolorumnih-049',10864,11,11,1,30,6,1,'Ut similique aut atque sed ipsa voluptatem ut. Eos ut ab aspernatur aliquam. Sunt deserunt nesciunt sapiente labore debitis eos.','2011-04-19 05:40:05','2021-03-15 09:42:09'),(207,'Temporibus-033',102220,10,17,5,10,15,5,'Vero temporibus voluptates sequi nobis dicta. Animi beatae laudantium doloribus est sint molestiae dolores. Excepturi et occaecati sunt mollitia asperiores aperiam. Tenetur in velit ipsam occaecati et eius voluptatem.','2014-02-11 14:21:42','2021-03-15 09:42:09'),(208,'Utoptioaut-018',15126,17,5,3,3,9,6,'Praesentium assumenda eos voluptatem eaque qui quam enim non. Expedita consequatur eos est dignissimos omnis molestiae non. Veritatis quia vero delectus fugiat. Quia dolorem aperiam maxime iste aut sint vero.','2017-12-20 07:12:55','2021-03-15 09:42:09'),(209,'Veniamculp-089',18153,14,8,3,13,3,1,'Veniam voluptate dolores placeat nam quis. Repellat dolor fugit facere delectus ut. Iste possimus nulla enim ea consequatur eligendi a.','2018-03-08 13:53:49','2021-03-15 09:42:09'),(210,'Vitaeadipi-094',158199,13,7,1,33,1,4,'Delectus fugiat et et nulla eum. Omnis sunt adipisci doloremque. Aliquid et ullam itaque eum.','2017-01-06 13:22:18','2021-03-15 09:42:09'),(211,'Ipsamutomn-006',32189,28,9,5,38,3,3,'Officiis non recusandae molestiae necessitatibus repudiandae molestiae. Similique aut enim labore ea. Ullam ea repellendus sunt aut et nemo sed.','2014-04-03 19:29:35','2021-03-15 09:42:09'),(212,'Omnissolut-048',23622,1,10,1,38,11,10,'Qui esse alias voluptatem aliquam nobis. Unde sapiente repellendus doloremque libero. Dignissimos aut sit alias autem. In et dicta modi omnis voluptatem recusandae deleniti.','2011-08-23 18:59:13','2021-03-15 09:42:09'),(213,'Earumetqui-021',96107,11,5,2,34,5,8,'Nam enim eius saepe corporis culpa. Dolor exercitationem enim nostrum corporis neque quia. Quo et eos facere laudantium quis. Exercitationem et aperiam ratione officiis consequuntur minus.','2020-03-08 08:21:15','2021-03-15 09:42:09'),(214,'Necessitat-062',17146,14,15,1,35,1,4,'Adipisci doloremque odit ullam beatae quos. Ab accusantium voluptatum vel reprehenderit qui nostrum. Cum beatae aut et consectetur est optio placeat. Exercitationem et saepe dolorem sed.','2018-06-17 22:15:01','2021-03-15 09:42:09'),(215,'Temporasit-050',210108,29,10,4,40,5,8,'Sit quidem accusantium itaque facere quas ut. Temporibus distinctio et ipsa possimus rem ut sint. Est nostrum est et ipsa odit dolore.','2018-07-27 00:49:42','2021-03-15 09:42:09'),(216,'Voluptatem-065',44215,9,4,1,6,2,3,'Iure aut laborum qui saepe porro quia adipisci. Porro possimus veritatis numquam animi omnis. Architecto eos at dolorem et officia doloribus.','2021-02-20 03:53:59','2021-03-15 09:42:09'),(217,'Porrooditq-076',217236,11,4,4,16,2,5,'Quisquam ut rem est odio expedita. Eum excepturi veritatis eligendi minima veritatis omnis dolor. A nemo praesentium ut maxime et. Blanditiis ratione perferendis dicta adipisci in eaque.','2019-03-08 21:35:21','2021-03-15 09:42:09'),(218,'Velnamquis-085',11136,12,9,4,23,5,10,'Fugiat rem odio consequatur officia nesciunt dolor aliquam. Minus officiis quia laudantium nemo.','2016-10-07 23:54:41','2021-03-15 09:42:09'),(219,'Distinctio-000',10219,11,15,4,20,9,8,'Nulla repudiandae molestiae dolor qui quia. Id velit animi aliquam. Explicabo suscipit neque minus saepe quaerat.','2020-02-19 19:37:41','2021-03-15 09:42:09'),(220,'Sintconseq-042',219199,25,11,2,19,8,5,'Et corrupti magnam tenetur beatae. Animi consequatur illo quod velit maxime amet odio. Voluptatem quos officiis cum eligendi harum deleniti.','2019-09-27 16:19:28','2021-03-15 09:42:09'),(221,'Sitinsunti-011',149215,6,16,4,12,14,8,'Culpa architecto provident iste sunt fugiat soluta. Et modi itaque illo nobis. Adipisci unde necessitatibus nemo nam omnis molestias. Aut dolor et eius soluta velit.','2011-10-11 11:52:49','2021-03-15 09:42:09'),(222,'Quasquivit-031',142196,17,6,5,11,10,1,'Et reprehenderit incidunt aliquam qui. Temporibus voluptatem rerum et consectetur. Quisquam tempore sed dolor vel dolor. Provident rerum expedita est eaque quia accusantium voluptatem sunt.','2013-10-15 12:04:20','2021-03-15 09:42:09'),(223,'Quiaabquib-023',868,21,1,3,14,9,8,'Nihil delectus qui ullam delectus. Amet officia enim eos et. Esse minima ut corrupti delectus voluptas. Laborum iure earum delectus pariatur possimus distinctio quisquam.','2020-07-10 13:48:42','2021-03-15 09:42:09'),(224,'Eosmodietv-024',1885,10,19,3,1,7,1,'Eveniet sequi soluta saepe sed qui. Adipisci laborum cum magni ad amet est. Consequatur sequi explicabo veritatis explicabo praesentium ut.','2018-11-28 05:04:16','2021-03-15 09:42:09'),(225,'Voluptatem-052',3178,24,5,3,1,11,1,'Labore nobis voluptatibus laborum aut corporis delectus rerum dignissimos. Non consequatur eum doloribus sequi consequatur in. Dicta officiis inventore in natus illo magni iure.','2015-11-16 01:51:54','2021-03-15 09:42:09'),(226,'Sedmaiores-088',91211,15,18,5,7,2,8,'Rerum aut animi omnis illum. Omnis itaque temporibus magnam officia. Eaque et et sed est quod. Dolorum quis ex suscipit. Voluptatem ea neque aspernatur facere sapiente in sed in.','2019-02-19 18:01:30','2021-03-15 09:42:09'),(227,'Eiussintqu-088',87124,30,14,1,37,15,7,'Aut vero aut veritatis veniam eligendi. Qui soluta esse labore. Ut fuga adipisci enim fugit itaque odio voluptatum dolore. Illum et voluptas ad delectus praesentium perspiciatis natus magni.','2016-03-01 21:23:29','2021-03-15 09:42:09'),(228,'Explicabou-078',211167,29,13,4,17,15,3,'Aut inventore impedit exercitationem sint aliquid facere. Voluptas officiis cum aut laudantium repudiandae deleniti. Numquam animi est nam dolorem excepturi quae.','2014-06-06 09:16:30','2021-03-15 09:42:09'),(229,'Reprehende-026',15422,6,6,1,26,4,7,'Id tempora ducimus dolorem perspiciatis. Esse rerum ad est libero eos aut sequi. Veniam fuga esse qui autem unde.','2011-12-08 17:52:33','2021-03-15 09:42:09'),(230,'Quinisicup-093',74144,21,1,5,10,1,6,'Et amet velit qui non ut in. Voluptate blanditiis et atque harum aut iure quidem. Et et ad vitae accusamus impedit possimus.','2018-09-09 07:37:02','2021-03-15 09:42:09'),(231,'Quisporrom-092',13541,9,11,2,5,11,5,'Magni quia ullam nulla est ut vero. Exercitationem asperiores ratione minus veniam.','2015-01-04 04:03:53','2021-03-15 09:42:09'),(232,'Veniamperf-083',23550,26,14,1,35,10,2,'Consectetur quasi explicabo odit ut vero eos cupiditate. Illum laboriosam blanditiis amet laboriosam. Doloribus aut adipisci sed aut impedit. Est quo illum voluptatem aspernatur.','2013-11-18 23:49:48','2021-03-15 09:42:09'),(233,'Consequatu-040',251216,16,12,4,8,15,7,'Non fugiat debitis optio. Deserunt exercitationem et non tempora aspernatur. Cupiditate quam quae quas ut aliquid ut odio.','2020-11-10 04:31:36','2021-03-15 09:42:09'),(234,'Cupiditate-050',12052,14,4,5,26,13,2,'Ducimus mollitia at molestiae ea corrupti eum neque. Sequi sit qui voluptatem omnis. Consequatur ipsam et est eos. Est rem dolore eius nulla tempore quia repellendus voluptates.','2012-05-02 19:19:11','2021-03-15 09:42:09'),(235,'Vitaeomnis-032',108195,8,10,2,4,12,3,'Voluptates corporis vel ut quis distinctio cumque. Reprehenderit nam quia similique quia praesentium debitis expedita. Laboriosam ullam eos possimus.','2013-06-28 05:06:34','2021-03-15 09:42:09'),(236,'Nullacupid-012',23114,18,1,5,39,3,6,'Deleniti qui sit molestias amet consequatur ea ut. Alias porro est fugiat quibusdam.','2013-04-08 02:20:46','2021-03-15 09:42:09'),(237,'Suscipitni-064',1247,14,1,2,25,14,9,'Delectus voluptatem et aliquam. Quibusdam voluptatum quam architecto consequatur in dolores eveniet perferendis. Qui voluptatem accusamus quis occaecati.','2012-09-05 06:36:21','2021-03-15 09:42:09'),(238,'Eosexplica-085',51151,22,9,3,18,9,4,'Ut omnis dolores fuga voluptates qui est. Velit fugiat dolorem consequatur non sed et. Quis sed ipsa nihil quasi optio sint.','2016-08-12 05:42:24','2021-03-15 09:42:09'),(239,'Suntutdolo-034',25151,4,2,3,2,11,4,'Repellat in voluptatem voluptas libero possimus amet ea. Nulla quos iure corrupti. Alias aliquid et doloribus nulla sunt delectus.','2011-10-08 23:52:20','2021-03-15 09:42:09'),(240,'Voluptasne-015',798,7,20,5,19,1,6,'Et in ea qui accusantium corporis. Voluptas sed voluptatum animi perferendis possimus.','2019-10-03 05:36:08','2021-03-15 09:42:09'),(241,'Suntaliasi-074',161167,22,13,4,22,9,8,'Quia voluptas ut dignissimos dicta. Laudantium unde praesentium quia maiores. Aliquam voluptas eos est accusamus.','2012-12-23 14:07:12','2021-03-15 09:42:09'),(242,'Officiisde-026',194236,3,1,4,12,10,7,'Ea vitae et sed suscipit. Quo voluptatem error quo repellat soluta. Quis sint facilis saepe. Sit beatae mollitia eveniet suscipit consectetur expedita. Dolorem quaerat iure et.','2016-10-25 21:52:17','2021-03-15 09:42:09'),(243,'Nesciuntqu-010',20791,4,8,1,22,13,7,'Temporibus voluptas numquam assumenda nesciunt laborum hic. Facilis voluptatum natus est voluptatum doloremque in. Autem sit aut nihil.','2017-07-07 23:59:14','2021-03-15 09:42:09'),(244,'Excepturie-071',116,28,19,4,20,15,5,'Cum non necessitatibus harum. Eaque ut molestias numquam incidunt consequatur. Debitis cum corrupti et officia eius facere.','2014-05-15 03:00:51','2021-03-15 09:42:09'),(245,'Quietaliqu-028',69221,26,4,2,28,10,5,'Earum dolore alias est quo a aut quaerat. Officiis et est voluptatem autem. Occaecati enim aspernatur commodi ad. Nam molestiae quo voluptas in earum ipsam.','2014-10-28 06:37:15','2021-03-15 09:42:09'),(246,'Nonquistem-026',199124,9,8,1,36,14,7,'Qui esse at voluptatem quis adipisci nam repellat rerum. Sint totam eveniet voluptate. Fugit veniam est voluptas necessitatibus.','2012-10-09 05:27:20','2021-03-15 09:42:09'),(247,'Quitempori-047',167122,20,20,4,18,5,4,'Et doloribus repellat est quia eaque modi earum. Ut fuga officia et nihil minus. Id cum assumenda eaque pariatur accusantium recusandae. Dolorum ut aut assumenda modi consequuntur.','2020-10-15 01:35:12','2021-03-15 09:42:09'),(248,'Mollitiaeu-059',15198,3,9,4,6,15,6,'Magnam harum consequatur delectus asperiores suscipit sunt ut. Inventore in earum labore. Quam eaque et voluptates fuga et placeat atque repellendus.','2020-05-10 13:13:59','2021-03-15 09:42:09'),(249,'Illoomniso-054',90154,25,18,3,21,6,5,'Vel reiciendis asperiores voluptatem aut ut qui repellendus. Eaque provident iure est veniam necessitatibus. Quidem repudiandae possimus commodi et.','2011-12-03 21:40:17','2021-03-15 09:42:09'),(250,'Eaquiareru-094',29168,28,4,4,12,14,3,'Et id tempora exercitationem dolor praesentium pariatur. Dolor pariatur sit quasi qui. Iusto et adipisci esse dolores.','2014-06-30 03:53:21','2021-03-15 09:42:09'),(251,'Cumquenatu-012',222214,21,4,4,29,2,6,'Sit pariatur est tempore sapiente. Facere id ut libero accusantium sint. Nobis blanditiis illo occaecati illo quam. Quos omnis architecto omnis tempora dolor sint est.','2020-07-04 23:15:09','2021-03-15 09:42:09'),(252,'Estvolupta-075',48109,11,15,3,1,3,9,'Quis veniam ut facilis. Qui inventore eligendi aperiam id hic harum. Qui vitae deserunt provident dolorem suscipit.','2018-04-26 19:49:11','2021-03-15 09:42:09'),(253,'Quasconseq-042',745,11,6,2,2,7,2,'Commodi non maiores asperiores quos sint sint ut doloremque. Aspernatur tempore magnam sed excepturi amet sit est. Voluptatem dolore provident ut laudantium. Id ea sint deleniti enim magni. Sapiente vero et dolorem maiores et ipsum.','2014-04-19 18:01:31','2021-03-15 09:42:09'),(254,'Nihilreici-084',84100,17,5,1,40,11,4,'Magni maxime ut animi minus ipsum consequatur aliquid. Illum iure vel eum ad vero perspiciatis. Enim exercitationem quisquam eos excepturi eligendi. Est vitae ut placeat accusantium sit.','2019-07-10 07:29:41','2021-03-15 09:42:09'),(255,'Autsitrepe-000',69169,12,13,3,40,14,5,'Praesentium sapiente in repellendus ut. Possimus rerum omnis et aspernatur ipsa. Praesentium ut praesentium et nobis. Dolores deleniti tempora deserunt expedita eaque.','2011-12-18 02:47:51','2021-03-15 09:42:09'),(256,'Voluptates-045',10776,8,12,4,35,5,7,'Ut alias aut cum et. Rerum quis quo non sed.','2016-08-16 05:36:53','2021-03-15 09:42:09'),(257,'Quibusdamn-027',21533,13,14,3,38,11,7,'Officia odit ea sequi. Ratione sed id aut ipsa odio. Beatae ut animi illo dicta voluptatem voluptates et.','2015-02-26 21:52:33','2021-03-15 09:42:09'),(258,'Suntquivol-001',76255,24,1,5,40,1,3,'Autem nesciunt et voluptatem et laborum. Consectetur assumenda numquam magnam blanditiis incidunt ut. Nihil omnis optio fugit mollitia. Quis sed quo dolorum aperiam delectus repellendus eos ut.','2016-05-28 22:16:41','2021-03-15 09:42:09'),(259,'Repellatte-025',11692,5,12,3,8,9,3,'Aut labore et et exercitationem provident. Dicta est amet unde sapiente officia et. Excepturi ex tempore eum iste eveniet autem. Numquam quaerat a laboriosam asperiores adipisci modi soluta numquam. Aspernatur est ut amet.','2019-04-18 14:14:14','2021-03-15 09:42:09'),(260,'Dolorequia-020',13195,17,20,5,4,15,8,'Est numquam in ducimus iure. Suscipit corrupti sint itaque quisquam vel eum nostrum. Possimus velit voluptatem non consectetur quidem.','2013-03-02 08:13:36','2021-03-15 09:42:09'),(261,'Doloreveri-028',178207,17,4,2,7,1,7,'Quos repudiandae esse esse sed exercitationem architecto quia qui. Quasi recusandae iusto tempore sed. Et officiis quibusdam aut dolor totam fugit necessitatibus dolor.','2019-02-25 20:42:16','2021-03-15 09:42:09'),(262,'Doloresdel-078',59168,26,9,2,12,6,1,'In vitae sequi praesentium exercitationem et a deleniti accusamus. Aspernatur minima earum nesciunt laudantium. Nihil esse illum minus velit quos ut. Ut quaerat voluptatem possimus perferendis in beatae.','2016-07-19 18:08:21','2021-03-15 09:42:09'),(263,'Possimusmo-010',216183,27,4,1,31,3,1,'Non molestias voluptatem dolorem error dicta ex quos. Dolores laborum voluptatem aut voluptatibus quod. Est quo eos voluptatem laudantium quis vitae beatae non.','2015-05-24 20:43:24','2021-03-15 09:42:09'),(264,'Exercitati-016',19941,1,7,4,21,8,3,'Vitae aliquam adipisci error esse. Magnam illo similique est magni. Quibusdam laborum modi accusantium est exercitationem error voluptatem. Autem fugiat totam rerum sint ut et optio reiciendis.','2015-12-28 11:22:07','2021-03-15 09:42:09'),(265,'Molestiase-050',13960,22,1,1,22,2,2,'Sed quia possimus eligendi consequatur. Vitae corporis rerum expedita qui sint itaque. Aut fugit quis ipsam nisi tempora eos voluptatibus. Non sed a aut enim. Distinctio odio corporis eligendi mollitia nulla expedita quibusdam.','2017-08-13 17:36:20','2021-03-15 09:42:09'),(266,'Quaminfugi-003',15042,9,14,2,26,13,4,'Et veritatis saepe quo quo ut quo totam nihil. Amet aliquid non officiis praesentium quibusdam voluptas. Facere quo ullam excepturi autem sequi. Asperiores consectetur aut nihil ut sed.','2017-12-16 19:47:02','2021-03-15 09:42:09'),(267,'Veniamimpe-065',158135,10,14,4,26,15,2,'Quod porro quidem repellendus hic voluptas possimus. Nemo est fugiat quia ad repellendus. Modi distinctio voluptatum laudantium aliquid. Exercitationem aut animi magni et rerum.','2017-08-13 12:34:08','2021-03-15 09:42:09'),(268,'Nostrumhic-020',13130,20,18,2,27,10,5,'Quibusdam libero quaerat sunt voluptatibus omnis repudiandae. Quas ipsa qui vel illum. Omnis ducimus est esse ipsam est.','2019-01-13 17:18:15','2021-03-15 09:42:09'),(269,'Iureautcup-002',9998,23,14,5,18,3,3,'Ea at ipsam est sequi et. Debitis consequatur facilis doloremque laborum. Veritatis aut doloribus necessitatibus velit dolor enim amet ab. Aliquid praesentium dolor error earum qui voluptatibus.','2014-05-15 15:36:52','2021-03-15 09:42:09'),(270,'Veritatist-051',13041,21,18,2,35,7,5,'Quos necessitatibus voluptatem ut facere mollitia excepturi recusandae. Placeat cumque consequatur exercitationem dolorum sequi. Ipsum dolorem sint ut iste quis culpa et.','2012-12-11 04:34:52','2021-03-15 09:42:09'),(271,'Eaquererum-054',162255,30,15,1,12,6,10,'Id eligendi est rem ducimus. Sed quaerat omnis omnis eum ex rem optio. Totam eligendi quisquam excepturi corrupti et quod. Repellendus laboriosam odio sunt sit ratione est.','2012-01-06 14:01:04','2021-03-15 09:42:09'),(272,'Noniureaut-015',242255,19,14,4,17,5,7,'Et eveniet earum nulla inventore necessitatibus quis nihil. Consequuntur dolores reprehenderit quo consequatur commodi voluptas. Asperiores quam sapiente ut suscipit sunt quis.','2015-10-10 14:42:54','2021-03-15 09:42:09'),(273,'Quisoffici-012',191233,18,19,3,38,10,2,'Illo eligendi voluptas et culpa enim delectus quidem et. Veritatis aut itaque sunt sit culpa eos sed. Distinctio quia quia voluptatem et.','2013-02-12 10:33:06','2021-03-15 09:42:09'),(274,'Temporibus-016',181236,13,8,5,10,12,10,'Dolore doloribus aut voluptatibus rerum non. Voluptatem qui delectus repellendus vitae omnis. Magnam doloribus nulla qui et qui. Molestiae velit ab est.','2021-02-12 15:07:40','2021-03-15 09:42:09'),(275,'Recusandae-044',178166,16,10,5,35,5,4,'Eum debitis ducimus laboriosam beatae iste maxime. Ullam consequatur reprehenderit et vero iure quaerat. Quia mollitia eum mollitia nulla consequuntur temporibus sequi.','2012-12-13 04:51:43','2021-03-15 09:42:09'),(276,'Autsimiliq-073',147159,10,7,1,18,10,4,'Autem pariatur quia recusandae nulla assumenda debitis. Aut voluptas ipsum delectus. Temporibus dolor optio dolor qui facilis. Officiis error autem quo blanditiis officiis corporis ipsa rerum.','2012-07-21 01:16:27','2021-03-15 09:42:09'),(277,'Voluptates-036',69184,12,6,1,2,11,4,'Nisi dolorum omnis cumque quia rerum eos. Voluptas et officiis ad voluptates placeat. Temporibus earum distinctio pariatur culpa qui qui delectus.','2012-07-12 07:20:35','2021-03-15 09:42:09'),(278,'Utanimiqua-059',17496,21,6,2,8,3,9,'Inventore cumque et et. A facilis consequatur commodi qui autem in et.','2017-05-09 16:07:15','2021-03-15 09:42:09'),(279,'Cumquesint-091',8235,11,13,2,7,13,1,'Animi voluptatem ea adipisci rerum non tempore odio. Ut illo in id. Hic tempora perferendis et rem non.','2013-08-31 23:42:01','2021-03-15 09:42:09'),(280,'Illoutvolu-078',102230,5,8,3,1,4,9,'Voluptatum alias error voluptatem quia perferendis rerum. Magni nulla voluptatum tempora corporis veniam commodi libero. Fuga aspernatur illo asperiores commodi doloremque voluptas. Laboriosam corporis beatae voluptatem fuga ut voluptate et.','2014-11-14 05:17:32','2021-03-15 09:42:09'),(281,'Praesentiu-019',72202,10,11,1,14,15,9,'Labore et quia quia error libero. Non illo molestiae id dolorum quasi. Rem enim et doloremque modi aspernatur. Iure sunt sed vero est quam dicta rem.','2017-01-15 14:02:09','2021-03-15 09:42:09'),(282,'Officiisbl-058',7198,23,8,1,33,7,8,'Quibusdam repellat sint autem et id libero. Quis eaque qui eos facere. Porro ex est vitae nihil nesciunt dolor. Totam voluptatem et saepe minima.','2012-01-06 00:43:46','2021-03-15 09:42:09'),(283,'Suntetveri-037',152114,6,3,1,19,5,2,'Quia in vitae et nam rerum atque debitis. Dolor harum amet animi molestias maxime. Possimus rerum explicabo sunt sit. Est culpa ipsam ratione ut.','2019-06-29 20:39:49','2021-03-15 09:42:09'),(284,'Modietetad-013',62205,11,13,5,26,12,7,'Repudiandae ut nobis et ullam nihil repudiandae voluptatum ad. Quam perspiciatis cum provident vero sint quis. Optio similique eaque sunt est velit eveniet est.','2013-03-21 01:29:39','2021-03-15 09:42:09'),(285,'Suscipitto-053',86207,21,19,1,8,14,3,'Necessitatibus doloremque eaque et. Sapiente repellendus odit ipsam minus ipsum minus odit. Repudiandae doloribus in rerum laboriosam eum facere. Nostrum error cumque molestiae.','2019-03-16 12:25:39','2021-03-15 09:42:09'),(286,'Culpaautad-028',20413,2,5,5,10,9,8,'Inventore aperiam ex velit nulla iusto. Pariatur corporis quia rerum quo doloribus non et.','2019-12-05 02:34:49','2021-03-15 09:42:09'),(287,'Maioresacc-082',63165,2,7,1,4,2,7,'Et aut mollitia ipsa velit maiores. Dolor provident et excepturi est velit aut beatae. Id autem in accusamus at et.','2019-02-26 04:39:50','2021-03-15 09:42:09'),(288,'Accusamusa-028',2332,26,6,4,34,12,10,'Nobis beatae consequatur beatae voluptatem consectetur qui fugit. Et dolores quam qui sequi et velit rem. Corporis corrupti animi sint repellendus. Commodi esse tenetur ut praesentium totam eius esse.','2012-08-05 22:09:03','2021-03-15 09:42:09'),(289,'Autesseute-091',198150,1,3,4,34,12,4,'Dolores ut reiciendis tempora id quo ducimus aut. Doloremque fugit suscipit ut dolore eius nulla sequi qui.','2014-10-14 19:04:25','2021-03-15 09:42:09'),(290,'Eosutaliqu-075',10321,15,9,2,21,10,3,'Deleniti dolores omnis fugit mollitia corrupti nisi aut fugiat. In doloribus commodi voluptates minus dolorum in veritatis. Sit tempora a cupiditate et sed enim.','2017-04-05 08:09:48','2021-03-15 09:42:09'),(291,'Placeatatq-005',219240,24,14,3,24,14,1,'Ullam dolor consequuntur veritatis eveniet molestiae. Illum autem saepe optio qui consequatur soluta excepturi. Unde nihil cupiditate ad inventore sint.','2013-01-04 21:41:08','2021-03-15 09:42:09'),(292,'Repellendu-097',160196,12,19,2,22,1,5,'Maxime a neque delectus corrupti odit. Ea sed omnis amet sint nulla a. Error rerum ut quia et. Sapiente quis deleniti beatae sint.','2012-03-07 08:42:55','2021-03-15 09:42:09'),(293,'Aliquidqui-075',146180,5,18,4,35,11,6,'Necessitatibus in ut non dolores. Qui molestiae consequatur atque quaerat voluptas.','2021-03-10 21:21:43','2021-03-15 09:42:09'),(294,'Beataequia-086',150166,26,15,4,19,9,5,'Nulla non est culpa aspernatur laudantium. Veritatis eaque deleniti deserunt ad sunt. Vitae qui qui illum impedit autem consequatur ea.','2015-01-09 17:46:13','2021-03-15 09:42:09'),(295,'Consequatu-007',221230,26,2,5,6,9,6,'Expedita consequatur adipisci laudantium quia perferendis et. Consequuntur fugit et aliquam consequatur totam.','2016-05-11 05:04:12','2021-03-15 09:42:09'),(296,'Facilislab-073',2971,11,8,1,34,15,2,'Quo odit nihil dolores et. Quis sed eaque dolorem aut quia. Qui ipsa qui consequatur ut tempore sit voluptatem est.','2012-02-25 09:21:57','2021-03-15 09:42:09'),(297,'Sedvolupta-047',2973,27,7,1,10,13,1,'Corporis in ad aliquam hic eum mollitia. Cum sequi facilis et sint. Quia dicta enim perferendis quod autem. Consequuntur et omnis enim qui.','2016-01-31 14:46:30','2021-03-15 09:42:09'),(298,'Temporibus-018',116235,23,1,5,22,14,7,'Autem aperiam sequi debitis perspiciatis. Quos necessitatibus quis nesciunt minima architecto minima molestiae libero. Et beatae facilis nihil. Sapiente molestias excepturi non officiis itaque.','2015-02-18 04:12:57','2021-03-15 09:42:09'),(299,'Perspiciat-050',61206,3,15,3,32,3,1,'Tenetur est eos praesentium. Odio eveniet soluta quia voluptatum. Ex quos labore excepturi aut provident quasi.','2012-10-31 14:51:57','2021-03-15 09:42:09'),(300,'Aperiamrei-095',182177,8,1,1,5,3,7,'In alias quae qui quia omnis natus. Ut delectus pariatur velit. Quo voluptatem alias quo corrupti in dolorem in excepturi. Ea provident sit repudiandae. Nihil excepturi ea magni id in commodi similique.','2019-08-27 01:27:35','2021-03-15 09:42:09'),(301,'Doloremimp-029',202105,20,11,1,34,6,10,'Qui qui consectetur in non deserunt sed voluptatem mollitia. Autem rerum facilis sunt iusto sunt facilis commodi rerum. Quis veniam sit qui et quis. Dolorum dolores modi illo harum saepe.','2017-03-01 18:43:54','2021-03-15 09:42:09'),(302,'Cumvolupta-058',212181,28,5,2,39,8,2,'Rerum cupiditate voluptates sed. Autem minima tempora optio libero aut cum molestias. Consequatur blanditiis explicabo delectus eveniet.','2017-07-13 03:34:46','2021-03-15 09:42:09'),(303,'Harumatque-006',23990,2,5,1,1,12,1,'Aperiam voluptatibus corrupti minima mollitia. Non nihil itaque et architecto recusandae facere. Et qui asperiores quia hic odit quibusdam.','2019-11-30 08:58:38','2021-03-15 09:42:09'),(304,'Utestnonut-053',57122,21,18,4,5,10,10,'Laboriosam odio tempora sit veritatis laboriosam dolorem. Qui rem voluptatibus et ut quidem impedit. Quod occaecati non eius consequatur cum amet quidem.','2012-04-17 21:45:27','2021-03-15 09:42:09'),(305,'Estvitaees-052',15780,4,18,5,8,15,2,'Nesciunt repellendus sed fugit consequatur at ut. Hic aliquam tempore et. Qui totam non mollitia molestiae nemo illum omnis quisquam. Suscipit veniam inventore voluptate voluptatem laboriosam. Id reiciendis et sed molestias ipsa.','2016-08-28 17:12:28','2021-03-15 09:42:09'),(306,'Eositaques-003',4245,26,13,4,36,7,1,'Alias nisi assumenda vel iure rerum. Aperiam consequatur accusamus et veniam deserunt. Aut consequuntur non magni qui aliquid sapiente et incidunt.','2016-05-29 12:08:53','2021-03-15 09:42:09'),(307,'Corporisco-057',1650,27,8,2,7,6,8,'Est cum tenetur exercitationem vel. Magni et corrupti quia qui. Ut ad iste quisquam id et aut ipsam.','2016-04-25 23:38:02','2021-03-15 09:42:09'),(308,'Laudantium-078',24962,10,9,5,19,7,8,'Atque corrupti possimus repudiandae. Saepe unde quas aut in quia. Asperiores nihil provident maxime qui esse. Et dolor ut voluptatem dolorem tenetur.','2015-08-02 10:08:48','2021-03-15 09:42:09'),(309,'Voluptasbl-020',16063,16,3,4,12,4,3,'Quis temporibus rem perferendis est ipsum. Neque sint omnis aliquid voluptatem.','2014-02-26 09:47:27','2021-03-15 09:42:09'),(310,'Necessitat-067',146253,7,7,1,9,8,2,'Quam placeat illum repellat voluptatum dicta nulla asperiores. Expedita et expedita eligendi assumenda ab commodi. Illo voluptatem vel reprehenderit quos sit alias eum. Sint dolore non perferendis quia ipsam libero at.','2015-12-30 20:16:46','2021-03-15 09:42:09'),(311,'Cupiditate-075',225143,11,8,4,1,5,3,'Accusamus quibusdam reprehenderit consequatur illum. Non quia ut quasi perspiciatis rem voluptatem ratione. Accusantium nulla in fugit quas sint culpa ut.','2014-12-18 12:58:16','2021-03-15 09:42:09'),(312,'Accusantiu-078',227252,2,4,4,13,5,10,'Odit ea est est qui. Laudantium unde velit amet sint. Iure recusandae nesciunt animi nobis officia. Voluptas esse corporis aspernatur esse.','2017-01-22 01:21:22','2021-03-15 09:42:09'),(313,'Placeatqui-064',2337,2,13,2,2,2,9,'Magni in incidunt laudantium accusantium cupiditate. Ipsa et accusamus maxime iure illum velit.','2015-08-05 02:41:05','2021-03-15 09:42:09'),(314,'Etaperiamc-089',10046,24,13,5,17,14,2,'Odio ipsa repudiandae ut. Quia reiciendis perferendis nisi odit. Sint id sunt necessitatibus atque. Et dolores illum et.','2017-11-23 17:45:02','2021-03-15 09:42:09'),(315,'Aliquammin-055',9179,20,3,3,32,5,1,'Suscipit possimus dolorem sit sed. Doloribus consequatur rerum placeat ipsam sint enim. Facilis et inventore et nihil.','2011-07-01 21:03:31','2021-03-15 09:42:09'),(316,'Delectusau-009',12810,27,14,3,27,11,8,'Praesentium dolor adipisci fugit ut fuga enim blanditiis. Omnis molestiae cumque amet aliquid.','2012-09-06 09:58:30','2021-03-15 09:42:09'),(317,'Numquamqui-078',147138,27,15,5,20,1,2,'Eveniet in est perspiciatis. Facilis corporis ullam minus consequatur eveniet. Fugiat eos maiores et nihil molestiae.','2020-11-30 02:21:12','2021-03-15 09:42:09'),(318,'Nesciuntin-068',6058,14,2,4,34,2,9,'Officiis vero laudantium fugit rerum. Voluptatem eos deleniti voluptatum earum voluptatum doloremque rem. Dolor soluta qui voluptatem quo necessitatibus voluptatibus alias. Quasi autem hic asperiores deleniti quaerat.','2011-10-26 02:24:45','2021-03-15 09:42:09'),(319,'Voluptasnu-005',11959,21,19,3,25,5,4,'Sed sunt dolores ullam eaque. Ipsa saepe ea est recusandae accusantium eligendi facere. Delectus voluptates saepe sunt laborum natus at et in.','2015-05-05 10:49:07','2021-03-15 09:42:09'),(320,'Inventoreq-020',5480,24,20,3,12,12,9,'Sed nam at enim distinctio eos dolore reiciendis soluta. Est sint totam aliquam. Minus ratione voluptatem qui sit commodi fugit quos.','2013-10-22 19:04:20','2021-03-15 09:42:09'),(321,'Doloremqui-084',6286,10,13,3,30,5,2,'Expedita est dicta et enim. Qui praesentium aliquid itaque voluptate voluptas. Voluptatem ut quaerat quis placeat voluptas.','2017-03-19 18:44:27','2021-03-15 09:42:09'),(322,'Etminusnon-064',254119,14,4,5,13,10,9,'Doloremque quasi cupiditate omnis amet maiores labore. Aliquid aliquam similique alias error. Est accusantium culpa molestias aut recusandae amet.','2011-08-01 04:29:23','2021-03-15 09:42:09'),(323,'Excepturil-071',72224,15,2,5,11,15,1,'Vitae voluptas ipsam et dicta qui. Rerum explicabo totam in commodi rem similique. Corrupti quod et animi minima et voluptas iure.','2019-09-17 02:14:48','2021-03-15 09:42:09'),(324,'Magnamquie-063',119157,5,13,5,25,4,3,'Omnis autem facere fugiat ut reprehenderit earum ut. Voluptas iusto nemo hic est et quia recusandae sed. Fugiat rerum consectetur dicta qui natus sint. Voluptatem veritatis reiciendis amet praesentium ea non nesciunt omnis.','2013-11-15 07:52:55','2021-03-15 09:42:09'),(325,'Eumsequire-003',1587,30,20,2,19,5,1,'Et eius sit aliquid in temporibus deleniti. Asperiores vel explicabo eius reprehenderit est quia.','2013-07-20 07:02:09','2021-03-15 09:42:09'),(326,'Nihilnisiv-024',20760,9,12,4,30,5,10,'Reiciendis dolor maxime repellendus provident minima. Suscipit unde ducimus at dolor quia magnam.','2020-05-08 16:24:23','2021-03-15 09:42:09'),(327,'Ipsummagni-014',21970,27,16,1,30,1,8,'Blanditiis saepe sunt consequatur consequatur assumenda autem eum. Quaerat laboriosam maxime sunt enim blanditiis sed sint. Voluptatum officia occaecati excepturi ut nobis. Recusandae blanditiis omnis numquam voluptatum.','2011-08-05 18:03:06','2021-03-15 09:42:09'),(328,'Autdolorib-095',7359,18,11,5,22,13,8,'Et ut eum voluptatem illum ipsam ratione aperiam. Est ab optio natus omnis ratione voluptas debitis. Sint vitae est labore.','2012-09-17 11:29:54','2021-03-15 09:42:09'),(329,'Porroasper-039',223240,18,20,3,23,9,7,'Dolor deserunt maiores aut consequatur inventore. Totam vitae expedita nihil explicabo veniam. Quaerat accusamus debitis et possimus ullam debitis. Consequuntur minima deserunt unde libero qui.','2012-01-04 04:23:10','2021-03-15 09:42:09'),(330,'Inevenietr-009',77168,27,12,4,6,1,9,'Voluptas blanditiis ab laudantium suscipit voluptatum autem eaque. Laborum dolorem eaque nihil voluptatum exercitationem. Odit maxime veritatis animi quis eos voluptas consequuntur est.','2014-09-09 22:29:04','2021-03-15 09:42:09'),(331,'Sedincidun-028',7688,5,7,3,33,1,8,'Adipisci iure animi est quas vel eos illum. Maiores nihil ut eos sit nulla molestiae expedita. Magnam fugiat sapiente cum sit nobis id. Id id dolores ratione voluptas reprehenderit voluptates blanditiis.','2015-09-24 06:53:45','2021-03-15 09:42:09'),(332,'Aliquamseq-012',1039,23,19,3,35,11,6,'Nesciunt maiores dolores ut sapiente. Dignissimos nostrum corrupti dolor. Ipsum sit aperiam blanditiis illum sed quasi non velit. Ea nemo consequatur pariatur dolorem quo autem vel.','2019-09-09 03:29:32','2021-03-15 09:42:09'),(333,'Excepturid-079',24977,20,6,1,20,13,10,'Maxime voluptas molestias sint et delectus quasi accusantium. Totam neque quia molestias aspernatur eos quasi sint. Nesciunt et nostrum sed eaque consequatur. Qui aliquid repellendus aliquam quas voluptas explicabo.','2014-01-13 04:16:27','2021-03-15 09:42:09'),(334,'Quisquamen-060',103238,9,8,5,28,15,5,'Ea repudiandae unde perspiciatis ut. Dolor est sed beatae alias. Ut iusto voluptatem sit dolor dolor vel.','2012-02-01 06:55:17','2021-03-15 09:42:09'),(335,'Asperiores-065',1179,10,17,1,38,15,1,'Consequatur quia dolor aperiam velit id eos non incidunt. Est libero et omnis quis consequatur doloribus. Voluptates dicta quidem ratione quos ducimus odio nihil. Voluptas ipsum vel similique.','2017-01-10 03:31:25','2021-03-15 09:42:09'),(336,'Voluptatem-046',145118,25,3,2,11,14,4,'Molestiae quos et ad tempora. Quisquam non quis autem omnis est aut iusto.','2018-12-02 18:54:14','2021-03-15 09:42:09'),(337,'Praesentiu-034',18745,2,14,2,23,9,1,'Repellat nam distinctio omnis nihil consequuntur eius. Ea corporis ea maxime non tenetur. Neque dolore nostrum praesentium reiciendis est qui ducimus ut. Minima molestiae consectetur omnis reiciendis dolor aut.','2016-12-16 22:12:38','2021-03-15 09:42:09'),(338,'Etdoloremq-032',163164,5,4,2,11,11,1,'Doloremque sequi quaerat esse et aspernatur eum. Quisquam numquam mollitia amet odio cumque placeat voluptas. Tenetur vel corporis odit mollitia. Sit nulla quis molestiae doloremque sed perspiciatis. Modi in maiores aut possimus provident enim et.','2011-10-12 12:25:33','2021-03-15 09:42:09'),(339,'Quasinulla-059',22725,6,20,3,3,10,5,'Possimus aliquid quia reprehenderit inventore autem repellat sint. Nesciunt rerum id ut qui perferendis sed. Aut quod sapiente qui cupiditate error facilis dolor. Ipsa praesentium quidem voluptate repudiandae.','2013-05-02 13:29:27','2021-03-15 09:42:09'),(340,'Aliasnonqu-000',220175,16,20,2,21,14,3,'Tempore praesentium omnis impedit harum sunt dolorem sit. Dolorem similique consequatur et inventore. Consequuntur quo doloribus rem deserunt.','2017-03-28 01:12:41','2021-03-15 09:42:09'),(341,'Minusmagna-024',18699,17,15,2,36,1,3,'Rerum nam iure at maiores pariatur. Ipsam tenetur modi vitae quia at. Eos dolor minima quas nobis. Voluptatem cupiditate non debitis deserunt.','2012-11-06 19:13:33','2021-03-15 09:42:09'),(342,'Isteutautd-021',61158,9,1,5,25,10,6,'Ea est similique nesciunt est. Veniam voluptatem id omnis nihil nemo rerum. Pariatur ut qui natus odit sint nisi et corporis. Voluptatibus et sit veniam nam eaque vel enim dolor.','2015-09-02 23:36:56','2021-03-15 09:42:09'),(343,'Liberoauta-035',189139,19,15,4,37,15,4,'Excepturi numquam sint voluptates. Aut omnis deserunt quod sint non enim.','2011-11-08 07:35:19','2021-03-15 09:42:09'),(344,'Estnumquam-014',20815,1,4,2,20,4,1,'Molestiae unde recusandae deserunt quia labore expedita. Odit sit expedita dolor nulla id. Sint error id voluptatum est doloremque nam. Est delectus dolores dicta ducimus et quaerat. Non ut culpa voluptas iusto.','2017-12-13 04:32:12','2021-03-15 09:42:09'),(345,'Hicquodqui-063',210138,29,15,5,10,4,10,'Qui dolores aut accusantium ducimus similique quidem. Voluptatibus eum autem fuga aut aperiam dolor quis. Sit est facilis sed vero vero non necessitatibus.','2019-01-01 23:44:43','2021-03-15 09:42:09'),(346,'Quoidquamc-074',245132,16,16,4,36,10,7,'Voluptatem temporibus sunt similique quod quis qui. Occaecati dolores est voluptas occaecati aut autem natus. Sit quidem eum repudiandae ut quisquam aut. Praesentium soluta architecto ut suscipit quis architecto quae.','2015-09-29 12:32:18','2021-03-15 09:42:09'),(347,'Magnamexce-084',2356,6,19,4,7,9,4,'Dolores natus dicta dolorum quia architecto. Id consequatur iure voluptatibus id unde itaque. Esse facere soluta iusto alias voluptatem. Laboriosam in quo ea magnam iusto natus dolore mollitia.','2017-02-28 14:01:32','2021-03-15 09:42:09'),(348,'Blanditiis-002',161244,21,4,1,16,2,1,'Eius saepe sit molestias nisi velit deleniti aut. Est minus provident quae. Accusamus vel quaerat occaecati ducimus eaque culpa. Qui esse voluptas et dolores ex ut laboriosam.','2020-07-31 14:19:29','2021-03-15 09:42:09'),(349,'Nemonostru-053',6379,23,2,2,5,9,5,'Sed omnis harum et omnis. Unde voluptatibus at iste culpa recusandae est. Sit est ut dolor ab iusto. Non sunt aspernatur quia sunt et consequuntur omnis dicta.','2012-02-06 22:32:15','2021-03-15 09:42:09'),(350,'Nisiimpedi-064',161240,4,11,1,5,12,5,'Perspiciatis aperiam quasi quia. Dolore laboriosam iure ducimus.','2013-02-21 05:39:24','2021-03-15 09:42:09'),(351,'Eteumautne-061',23106,1,6,1,27,3,9,'Est sapiente sed sunt aut corporis et quia. Tempora ea officia quasi et. Ea eius atque laborum earum.','2020-02-04 09:24:21','2021-03-15 09:42:09'),(352,'Excepturiu-015',121167,10,8,4,1,8,3,'Et id velit molestias quas magnam. Dolor error autem voluptatem sint consequuntur architecto voluptas. Deserunt soluta nihil quia qui quas velit qui. Impedit ea dolorum nisi et est autem.','2014-10-19 09:00:48','2021-03-15 09:42:09'),(353,'Quibusdamd-092',3193,10,5,3,15,9,6,'Perferendis ad pariatur exercitationem sint aut. Ad nobis eligendi voluptas fugit quod. Qui suscipit sunt delectus molestiae neque quos laborum non. Voluptatem rem deleniti et.','2021-03-05 00:47:05','2021-03-15 09:42:09'),(354,'Quisquamdo-019',16167,13,7,4,25,7,2,'Dolores eligendi quos omnis nobis repellendus. Rerum officiis deserunt quo non. Aut qui necessitatibus natus facilis optio quo odio officiis. Et saepe delectus nihil sed et hic.','2014-04-15 21:30:17','2021-03-15 09:42:09'),(355,'Eumplaceat-016',183126,2,12,4,9,11,6,'Sed autem ad delectus vel alias possimus et. Assumenda sed omnis sunt tempora consectetur ipsum quia. Corrupti vitae occaecati molestias nulla ut praesentium. Ut ea voluptatum facere quia rem itaque assumenda.','2012-11-21 02:49:48','2021-03-15 09:42:09'),(356,'Temporadig-023',1991,19,15,5,33,6,1,'Sit iste eius provident molestiae voluptates eveniet a. Et saepe voluptates quae distinctio quidem nisi repellat. Ea necessitatibus minus magnam quaerat distinctio dolor. Nisi eligendi omnis expedita non sint.','2015-04-01 17:38:16','2021-03-15 09:42:09'),(357,'Quiquiesse-067',85236,19,15,2,16,11,10,'Cum aut repudiandae animi facere et ea voluptate. Aut et et maiores. Illo animi exercitationem natus rerum.','2016-01-14 11:53:23','2021-03-15 09:42:09'),(358,'Ipsamnonqu-071',17640,20,2,1,5,7,7,'Odio eum sit quis ipsa. Doloremque hic omnis veritatis. Sed quam sed consectetur non doloremque et. Reprehenderit praesentium illum et molestias qui ut molestiae consequatur.','2011-07-29 12:10:18','2021-03-15 09:42:09'),(359,'Repudianda-056',6873,19,17,1,10,7,5,'Corporis ut delectus quidem et. Porro beatae magni est eos. Quidem dicta et dolore. Nostrum velit neque id.','2013-01-29 10:41:13','2021-03-15 09:42:09'),(360,'Possimusno-065',117242,14,11,1,7,12,8,'In sit tempore est ut id hic sunt et. Autem nobis ab totam recusandae aut quia. Voluptates et accusantium atque.','2013-11-09 15:46:50','2021-03-15 09:42:09'),(361,'Harumanisi-059',5083,21,8,3,21,3,9,'Impedit numquam possimus accusantium non cumque nobis facilis. Similique aspernatur non ad dolores possimus nulla et accusantium. Qui quae occaecati praesentium et perspiciatis. Distinctio odio impedit repudiandae est.','2011-10-22 10:12:06','2021-03-15 09:42:09'),(362,'Natusindel-002',61239,16,16,3,36,3,3,'Ut quae hic corrupti voluptatem. Magni recusandae id doloribus quibusdam sed ipsam. Esse eum ut laudantium assumenda impedit. Non voluptatum itaque tenetur similique voluptas quo ex.','2018-02-26 23:49:35','2021-03-15 09:42:09'),(363,'Doloreseni-032',184188,24,17,2,36,15,8,'Nisi et mollitia at eos soluta velit. Esse et temporibus suscipit accusantium consequatur deserunt vel rerum.','2018-08-30 17:29:56','2021-03-15 09:42:09'),(364,'Rerumliber-054',75122,18,12,3,25,13,1,'Est delectus consectetur placeat voluptas ea quos sit. Eaque aut cumque et ipsa. Nihil necessitatibus voluptatem dolorem optio. Voluptas commodi minima illo sint et quas.','2019-02-02 05:00:37','2021-03-15 09:42:09'),(365,'Facilisvol-077',22589,3,5,3,6,7,4,'Corrupti consequatur recusandae non et. Voluptas nesciunt reiciendis sequi doloribus beatae voluptatem quidem excepturi. Voluptatem exercitationem earum sint quis saepe rerum.','2020-06-08 06:14:33','2021-03-15 09:42:09'),(366,'Abremautvo-025',4991,27,3,4,14,10,9,'Provident molestias perferendis nobis. Voluptas distinctio aliquid provident ratione voluptatibus sint. Itaque error neque dicta ut assumenda. Hic labore tempora nihil illum aperiam voluptates.','2011-09-12 22:41:25','2021-03-15 09:42:09'),(367,'Praesentiu-093',160107,6,3,4,29,1,8,'Et voluptas unde aperiam dolor. Pariatur mollitia et aut. Non sunt autem optio.','2013-04-21 16:32:51','2021-03-15 09:42:09'),(368,'Nullaexpli-093',145200,30,16,4,13,11,6,'Doloribus sit aut vel et dolor voluptates quam. Velit minus autem ut quia exercitationem facere. Dicta laborum cumque vel praesentium.','2016-01-21 06:09:31','2021-03-15 09:42:09'),(369,'Quidemrecu-089',7414,3,6,1,28,14,10,'Velit hic ut qui odit minima. Similique iusto aut quam totam. Non totam ea et nisi eligendi magnam.','2014-05-11 00:58:25','2021-03-15 09:42:09'),(370,'Aspernatur-064',123120,22,20,1,13,2,6,'Et ea rerum qui sunt quo. Ut beatae perferendis reiciendis neque. Ut culpa tempora et id est deserunt consequatur neque.','2021-03-10 00:59:33','2021-03-15 09:42:09'),(371,'Optiovenia-057',225139,19,20,4,12,5,4,'Sint repudiandae unde tempora iste. Quos cupiditate blanditiis et sed optio ut. Dignissimos ex consequatur et commodi voluptates voluptatibus. Nostrum pariatur temporibus maxime illum est sint quaerat magnam.','2011-04-09 18:17:48','2021-03-15 09:42:09'),(372,'Reiciendis-092',208101,4,10,3,31,4,5,'Quod suscipit ea similique provident et at sapiente. Omnis asperiores provident voluptatum eum illo quaerat quia. Et amet suscipit sed nesciunt veniam qui. Omnis vel quae soluta voluptatum est eum nobis.','2020-03-20 00:23:43','2021-03-15 09:42:09'),(373,'Molestiasn-093',104121,17,4,2,8,8,10,'Ipsa praesentium error placeat. Veniam vero et voluptas velit aut ipsum. Quaerat et exercitationem voluptatem porro et porro non.','2011-11-03 03:16:47','2021-03-15 09:42:09'),(374,'Exercitati-091',12522,23,13,2,35,5,1,'Eaque sequi numquam cupiditate iste. Labore quis illum quia voluptas voluptate asperiores. Quam natus doloribus nemo cumque vitae repellendus nostrum dolor. Nisi modi ut enim sunt accusamus dicta. Architecto at quia provident illum alias libero.','2016-07-08 05:21:56','2021-03-15 09:42:09'),(375,'Quidictasu-077',222218,24,1,1,39,5,2,'Aliquid mollitia recusandae non recusandae. Et autem quod est sunt. Consectetur repudiandae reiciendis animi iusto assumenda exercitationem nam.','2016-10-06 04:49:45','2021-03-15 09:42:09'),(376,'Temporalab-013',598,17,19,1,10,4,6,'Cum ut ut porro nihil consequatur. Quod dolores ab voluptas consequatur. Et adipisci quibusdam ut quos ut ad qui. Eum ut beatae velit qui est.','2018-08-09 02:26:47','2021-03-15 09:42:09'),(377,'Similiqued-031',20465,17,7,1,1,2,3,'Amet eaque rerum reiciendis aperiam libero quas. Quis explicabo ex ut est cum qui. Aliquam vitae laboriosam accusantium quasi dignissimos fuga velit. Dolores voluptas eaque quae ullam.','2015-05-05 22:23:01','2021-03-15 09:42:09'),(378,'Doloresaut-017',253142,14,13,3,29,13,10,'Dolore qui quod voluptatibus corrupti saepe voluptatibus. Aut dolorem et a. Occaecati accusantium veritatis natus porro dicta sit totam.','2013-04-27 10:14:43','2021-03-15 09:42:09'),(379,'Nesciuntma-093',249232,20,11,3,35,7,9,'Quae officia et dignissimos. Dignissimos aut recusandae recusandae quia. Dicta amet aliquid velit modi. Dolorem nihil ipsum sed adipisci in ducimus repellendus.','2017-04-22 04:47:25','2021-03-15 09:42:09'),(380,'Occaecatid-020',541,29,5,5,1,3,2,'Fuga vel recusandae modi voluptate sint consequatur. Totam et voluptates voluptatibus est.','2012-08-24 05:59:41','2021-03-15 09:42:09'),(381,'Enimestetp-018',19242,7,15,1,16,15,3,'Incidunt et aut et repudiandae rerum blanditiis. Veritatis sapiente hic at perspiciatis. Labore ipsam quibusdam ducimus et maxime.','2016-04-02 21:10:14','2021-03-15 09:42:09'),(382,'Quisquamfa-032',46234,28,11,4,37,9,7,'Expedita laudantium enim voluptas adipisci. At minima sint ut quam ipsam. Consectetur laboriosam architecto ut corporis. Fugit saepe reiciendis et rem dicta sapiente ut.','2016-05-19 09:26:43','2021-03-15 09:42:09'),(383,'Atquasiips-008',176213,5,20,2,23,11,2,'Rerum rerum ipsa ducimus quis. Distinctio officia molestiae tempora esse. Suscipit aut aliquam unde tempore quis voluptatem. Et blanditiis et iure deserunt optio impedit.','2017-09-18 10:13:31','2021-03-15 09:42:09'),(384,'Delectusre-043',226238,15,8,4,2,4,1,'Voluptate officiis veniam dolorum. Odio pariatur ut quo amet quisquam dolor. Ea non ut laborum quasi dolorum.','2020-03-01 15:58:02','2021-03-15 09:42:09'),(385,'Consequatu-093',2470,26,4,2,28,4,5,'Nihil soluta eius excepturi neque porro nisi. Fugiat est reiciendis maiores natus magnam sequi doloremque. Sit consequuntur consequatur id mollitia consequuntur.','2011-08-03 00:02:56','2021-03-15 09:42:09'),(386,'Harumvenia-040',217251,25,9,1,36,13,2,'Explicabo omnis ut molestias qui. Fugit asperiores atque ut a optio. Nostrum dolor porro amet nobis deleniti est. Deserunt earum possimus voluptatum.','2015-07-28 06:43:48','2021-03-15 09:42:09'),(387,'Velitvolup-019',3968,5,15,4,31,10,3,'Dolorem cupiditate praesentium laborum et tempora voluptas. Et corporis nobis illo neque ad consequatur illo.','2014-07-18 19:31:06','2021-03-15 09:42:09'),(388,'Porrorepel-073',225125,14,16,2,32,5,10,'Et sunt qui nesciunt distinctio officia mollitia. Deserunt fuga dolor omnis optio eos rerum. Officiis ad rerum ea nostrum aperiam a nihil blanditiis.','2011-04-11 23:00:03','2021-03-15 09:42:09'),(389,'Eumfacerei-012',49207,28,17,2,24,13,6,'Nihil non minus rerum amet eum eius repellat ut. Beatae odio corporis amet reprehenderit et voluptates. Ipsam impedit incidunt assumenda sapiente repudiandae laborum. Ipsum dignissimos in voluptates et.','2021-02-04 10:01:01','2021-03-15 09:42:09'),(390,'Aliquamrer-042',181162,21,14,4,40,6,10,'Quia rerum laudantium dolorum qui voluptas adipisci nam. At sunt explicabo facilis. Ratione ab voluptatum natus ad recusandae quis et. Cum quas similique ratione non quia fugit.','2014-05-22 15:16:31','2021-03-15 09:42:09'),(391,'Vitaecorru-075',208126,14,4,2,27,2,3,'Voluptatem sequi fugiat nihil rem expedita incidunt. In deleniti dolores enim autem rerum quia esse. Possimus ut est ex perferendis. Quia rem rerum consequuntur aut.','2018-07-16 05:25:01','2021-03-15 09:42:09'),(392,'Cumblandit-052',8159,25,5,5,21,1,6,'Ut alias laudantium ut consectetur necessitatibus est. Praesentium iusto possimus autem ut. Aut voluptates id sed.','2012-06-27 23:19:21','2021-03-15 09:42:09'),(393,'Liberodele-034',151221,23,10,2,40,4,7,'Est omnis qui quae aliquam voluptas. Quo sit magnam iusto iure facilis sapiente. Blanditiis vero quaerat exercitationem ducimus nostrum est officia pariatur.','2011-03-21 16:53:09','2021-03-15 09:42:09'),(394,'Odioetiust-016',16186,28,4,3,10,12,4,'Iste et delectus esse voluptatem iste tempora voluptatem. Sunt temporibus ut quia rerum id placeat voluptatum. Eos asperiores labore alias officiis. Fugiat vel laudantium quia repellendus suscipit ea. Aut modi inventore reiciendis numquam non eos.','2019-05-21 11:48:33','2021-03-15 09:42:09'),(395,'Odioconseq-075',12034,24,10,1,21,7,5,'Consequatur rerum ut officiis sed exercitationem ut ipsa quae. Neque consequatur molestiae necessitatibus illum. Vitae ullam dolor autem et.','2017-06-30 14:42:10','2021-03-15 09:42:09'),(396,'Doloribusi-031',47184,14,19,3,34,9,7,'Unde nobis sed explicabo sit nostrum. Id similique minima tempora. Rerum ex ex veritatis reprehenderit distinctio ipsam quia quis.','2015-04-01 08:23:34','2021-03-15 09:42:09'),(397,'Cumliberoc-031',86250,2,8,5,40,14,10,'Necessitatibus ipsa laborum numquam quos et rerum quod ut. Vel facilis qui nobis. Mollitia sequi vero atque assumenda.','2017-01-26 16:15:54','2021-03-15 09:42:09'),(398,'Consequatu-061',55203,17,13,2,37,10,7,'Earum repellendus commodi est ut. Ea fuga adipisci amet doloribus nesciunt et sed minus. Magnam corporis voluptatem asperiores laborum. Ipsa quae quod quasi aut eaque odit repellendus.','2013-01-06 03:28:09','2021-03-15 09:42:09'),(399,'Molestiaec-014',40112,19,11,4,5,12,6,'Maiores quia voluptates laboriosam eum similique. Vitae omnis assumenda a dignissimos non sapiente dolor. Omnis rerum pariatur at aut et fuga repellendus beatae. Perferendis vitae placeat sunt culpa iusto. Quaerat necessitatibus impedit consequatur voluptas numquam quos sit blanditiis.','2014-05-29 17:40:38','2021-03-15 09:42:09'),(400,'Quiadipisc-085',252254,14,11,5,20,1,5,'Esse eius eos repellendus dolorem nihil ad. Aut repellendus nulla mollitia sed sunt aut. Aspernatur enim doloribus nobis officiis ut est aliquam.','2017-08-25 02:24:05','2021-03-15 09:42:09');
/*!40000 ALTER TABLE `deviсes` ENABLE KEYS */;
UNLOCK TABLES;
/*!50003 SET @saved_cs_client      = @@character_set_client */ ;
/*!50003 SET @saved_cs_results     = @@character_set_results */ ;
/*!50003 SET @saved_col_connection = @@collation_connection */ ;
/*!50003 SET character_set_client  = utf8mb4 */ ;
/*!50003 SET character_set_results = utf8mb4 */ ;
/*!50003 SET collation_connection  = utf8mb4_0900_ai_ci */ ;
/*!50003 SET @saved_sql_mode       = @@sql_mode */ ;
/*!50003 SET sql_mode              = 'ONLY_FULL_GROUP_BY,STRICT_TRANS_TABLES,NO_ZERO_IN_DATE,NO_ZERO_DATE,ERROR_FOR_DIVISION_BY_ZERO,NO_ENGINE_SUBSTITUTION' */ ;
DELIMITER ;;
/*!50003 CREATE*/ /*!50017 DEFINER=`root`@`localhost`*/ /*!50003 TRIGGER `add_devices` BEFORE INSERT ON `deviсes` FOR EACH ROW BEGIN
  IF(ISNULL(NEW.device_name) AND 
  ISNULL(NEW.description) AND 
  ISNULL(NEW.location_id) AND 
  ISNULL(NEW.device_type_id) AND 
  ISNULL(NEW.device_model_id) AND 
  ISNULL(NEW.status_id)) THEN
  SIGNAL SQLSTATE '45000' SET MESSAGE_TEXT = 'Отмена операции, необходимо заполнить поля: device_name, description, location_id, device_type_id, device_model_id, status_id';
  END IF;
END */;;
DELIMITER ;
/*!50003 SET sql_mode              = @saved_sql_mode */ ;
/*!50003 SET character_set_client  = @saved_cs_client */ ;
/*!50003 SET character_set_results = @saved_cs_results */ ;
/*!50003 SET collation_connection  = @saved_col_connection */ ;
/*!50003 SET @saved_cs_client      = @@character_set_client */ ;
/*!50003 SET @saved_cs_results     = @@character_set_results */ ;
/*!50003 SET @saved_col_connection = @@collation_connection */ ;
/*!50003 SET character_set_client  = utf8mb4 */ ;
/*!50003 SET character_set_results = utf8mb4 */ ;
/*!50003 SET collation_connection  = utf8mb4_0900_ai_ci */ ;
/*!50003 SET @saved_sql_mode       = @@sql_mode */ ;
/*!50003 SET sql_mode              = 'ONLY_FULL_GROUP_BY,STRICT_TRANS_TABLES,NO_ZERO_IN_DATE,NO_ZERO_DATE,ERROR_FOR_DIVISION_BY_ZERO,NO_ENGINE_SUBSTITUTION' */ ;
DELIMITER ;;
/*!50003 CREATE*/ /*!50017 DEFINER=`root`@`localhost`*/ /*!50003 TRIGGER `deviсes_log` AFTER INSERT ON `deviсes` FOR EACH ROW BEGIN
	INSERT INTO logs (table_name, id, name_value, created_time)
	VALUES ('deviсes', NEW.id, NEW.device_name, NOW());
END */;;
DELIMITER ;
/*!50003 SET sql_mode              = @saved_sql_mode */ ;
/*!50003 SET character_set_client  = @saved_cs_client */ ;
/*!50003 SET character_set_results = @saved_cs_results */ ;
/*!50003 SET collation_connection  = @saved_col_connection */ ;

--
-- Table structure for table `location`
--

DROP TABLE IF EXISTS `location`;
/*!40101 SET @saved_cs_client     = @@character_set_client */;
/*!40101 SET character_set_client = utf8 */;
CREATE TABLE `location` (
  `id` int unsigned NOT NULL AUTO_INCREMENT COMMENT 'Идентификатор строки',
  `location_name` varchar(100) CHARACTER SET utf8mb4 COLLATE utf8mb4_unicode_ci NOT NULL COMMENT 'Название локации',
  PRIMARY KEY (`id`),
  UNIQUE KEY `location_name` (`location_name`)
) ENGINE=InnoDB AUTO_INCREMENT=31 DEFAULT CHARSET=utf8mb4 COLLATE=utf8mb4_unicode_ci COMMENT='Локации, местоположение';
/*!40101 SET character_set_client = @saved_cs_client */;

--
-- Dumping data for table `location`
--

LOCK TABLES `location` WRITE;
/*!40000 ALTER TABLE `location` DISABLE KEYS */;
INSERT INTO `location` VALUES (20,'Abernathymouth'),(8,'Alizemouth'),(21,'D\'Amoreburgh'),(9,'Destineystad'),(15,'Dorothyhaven'),(30,'Dylanmouth'),(14,'East Arlene'),(5,'East Lunaborough'),(27,'Eichmanntown'),(19,'Howardport'),(1,'Katrinemouth'),(12,'Lake Abraham'),(11,'Lake Alfredaborough'),(6,'Lake Elody'),(17,'Lake Leilaville'),(26,'Monahanberg'),(7,'New Lexusside'),(29,'North Cassidy'),(13,'North Maximomouth'),(24,'North Reina'),(18,'North Verlie'),(10,'Piercemouth'),(22,'Port Destanystad'),(28,'Port Kasandra'),(25,'Port Nicoleland'),(2,'Port Wade'),(3,'Reichertchester'),(23,'South Ezequiel'),(16,'West Dovie'),(4,'Wilfridside');
/*!40000 ALTER TABLE `location` ENABLE KEYS */;
UNLOCK TABLES;

--
-- Table structure for table `logs`
--

DROP TABLE IF EXISTS `logs`;
/*!40101 SET @saved_cs_client     = @@character_set_client */;
/*!40101 SET character_set_client = utf8 */;
CREATE TABLE `logs` (
  `table_name` varchar(60) NOT NULL,
  `id` bigint NOT NULL,
  `name_value` varchar(60) NOT NULL,
  `created_time` datetime NOT NULL
) ENGINE=ARCHIVE DEFAULT CHARSET=utf8mb4 COLLATE=utf8mb4_0900_ai_ci;
/*!40101 SET character_set_client = @saved_cs_client */;

--
-- Dumping data for table `logs`
--

LOCK TABLES `logs` WRITE;
/*!40000 ALTER TABLE `logs` DISABLE KEYS */;
/*!40000 ALTER TABLE `logs` ENABLE KEYS */;
UNLOCK TABLES;

--
-- Table structure for table `organisation`
--

DROP TABLE IF EXISTS `organisation`;
/*!40101 SET @saved_cs_client     = @@character_set_client */;
/*!40101 SET character_set_client = utf8 */;
CREATE TABLE `organisation` (
  `id` int unsigned NOT NULL AUTO_INCREMENT COMMENT 'Идентификатор строки',
  `name` varchar(150) CHARACTER SET utf8mb4 COLLATE utf8mb4_unicode_ci NOT NULL COMMENT 'Название организации',
  `description` text CHARACTER SET utf8mb4 COLLATE utf8mb4_unicode_ci COMMENT 'Описание организации',
  `email` varchar(100) CHARACTER SET utf8mb4 COLLATE utf8mb4_unicode_ci NOT NULL COMMENT 'Почта организации',
  `phone` varchar(100) CHARACTER SET utf8mb4 COLLATE utf8mb4_unicode_ci NOT NULL COMMENT 'Телефон организации',
  `contact_user_id` int unsigned NOT NULL COMMENT 'Ссылка на пользователя - контактное лицо ',
  `created_at` datetime DEFAULT CURRENT_TIMESTAMP COMMENT 'Время создания строки',
  `updated_at` datetime DEFAULT CURRENT_TIMESTAMP ON UPDATE CURRENT_TIMESTAMP COMMENT 'Время обновления строки',
  PRIMARY KEY (`id`),
  UNIQUE KEY `name` (`name`),
  UNIQUE KEY `email` (`email`),
  UNIQUE KEY `phone` (`phone`)
) ENGINE=InnoDB AUTO_INCREMENT=16 DEFAULT CHARSET=utf8mb4 COLLATE=utf8mb4_unicode_ci COMMENT='Организация';
/*!40101 SET character_set_client = @saved_cs_client */;

--
-- Dumping data for table `organisation`
--

LOCK TABLES `organisation` WRITE;
/*!40000 ALTER TABLE `organisation` DISABLE KEYS */;
INSERT INTO `organisation` VALUES (1,'ООО \"repudiandae\"','Perferendis aliquid sit dolores provident ad error eos. Quod rerum reprehenderit distinctio consequatur. In ut voluptates et temporibus possimus. Magnam quod ad modi nesciunt. Id atque et architecto tempore nostrum deserunt est.','fkessler@example.com','+17(8)7777423042',159,'2018-12-13 10:51:40','2021-03-15 10:01:06'),(2,'ЗАО \"eum\"','Aut quisquam in a debitis veniam laboriosam. Reiciendis ratione voluptas a soluta tempore et quas. Ipsum minima est deleniti magni tenetur laboriosam.','cfay@example.org','03958129004',29,'2014-05-18 08:11:58','2021-03-15 10:01:06'),(3,'ЗАО \"accusamus\"','Placeat et dicta sed iure et. Aliquam ut id placeat laborum possimus sit autem delectus. Impedit quidem ipsa est velit et. Vitae ad cupiditate dolor dicta sed.','collins.verla@example.net','522-526-4922',83,'2018-01-06 20:40:49','2021-03-15 10:01:06'),(4,'ООО \"illo\"','Labore dolorum dolorum eos laudantium ex et dolor maxime. Iusto omnis cupiditate et omnis inventore dolor tempora. Quod aut quisquam qui ad voluptatem repellendus. Non explicabo quidem deserunt perferendis nobis eos architecto.','ervin.schamberger@example.net','957.438.1102x508',32,'2015-01-30 07:14:53','2021-03-15 10:01:06'),(5,'ЗАО \"et\"','Error sed maiores voluptas eum vero. Eos quia aut dolorum delectus rem occaecati iusto. Dolorem sapiente ea aut earum. Quod corporis vero debitis exercitationem.','upton.madalyn@example.org','1-890-879-7332',71,'2020-01-25 16:32:03','2021-03-15 10:01:06'),(6,'ООО \"possimus\"','Nam repellat natus ullam dolor ullam quia deserunt. Enim ea distinctio autem ipsam distinctio excepturi aliquam.','nparisian@example.org','604-390-5030',103,'2012-03-21 20:37:47','2021-03-15 10:01:06'),(7,'ПАО \"quo\"','Eos sunt sit quis odit eum in. Molestias corporis aliquid maiores architecto consequuntur. Ut ullam saepe porro est dignissimos aut. Animi atque cumque quos harum temporibus qui corrupti.','enrique99@example.org','1-077-069-8839x096',179,'2017-03-16 01:01:03','2021-03-15 10:01:06'),(8,'ООО \"omnis\"','Autem perspiciatis quae voluptatem perferendis modi necessitatibus quo. Aut atque totam sed voluptatem. Temporibus in vero maiores sequi velit fugiat.','kemmer.savion@example.org','248-857-9804x6254',105,'2013-10-29 11:19:31','2021-03-15 10:01:06'),(9,'ООО \"ea\"','Maiores totam minima atque vel animi tempore error sit. Nostrum ea quidem ratione dicta blanditiis consequatur est. Soluta harum sed minima eos voluptatem voluptates cupiditate non. Dolore nihil consequuntur necessitatibus deserunt.','isaias.cartwright@example.net','05931944362',171,'2018-11-15 04:17:56','2021-03-15 10:01:06'),(10,'ООО \"molestiae\"','Exercitationem voluptas nobis nobis illum. Placeat ad molestiae natus blanditiis ea et. Consequatur iure animi quasi quam a dolor. Laudantium explicabo rem voluptas modi alias.','johnson.geraldine@example.org','1-240-898-6492',183,'2013-06-16 15:58:02','2021-03-15 10:01:06'),(11,'ООО \"hic\"','Nihil id et at accusamus. Debitis rerum quaerat est cum quaerat omnis officia. Sint eligendi culpa incidunt aut.','daniela81@example.net','596.659.1483',190,'2020-09-27 11:35:28','2021-03-15 10:01:06'),(12,'ООО \"consequuntur\"','Nihil natus magni iusto blanditiis in officiis. Saepe eum id velit consequuntur sed molestias et. Ea similique eaque aperiam eaque unde distinctio dolorem. At nulla ipsam in reiciendis rerum rerum sint.','mclaughlin.salvador@example.com','(268)055-9282',194,'2011-04-23 18:00:42','2021-03-15 10:01:06'),(13,'ООО \"nesciunt\"','Voluptatum maxime quasi eum soluta ab. Voluptas quo quo nam vero ipsum dolor molestiae. Ea sequi atque nemo dolorem sed. Ea et quis fugit quisquam quaerat provident dicta ipsam.','abbott.keegan@example.net','1-371-408-4103x800',197,'2013-03-23 14:37:48','2021-03-15 10:01:06'),(14,'ЗАО \"quis\"','Aliquam aut possimus dolorem sunt esse exercitationem. Iure et qui quas modi qui magni eos. Rerum unde minus id omnis. Maiores explicabo nesciunt quisquam ea laboriosam consequatur perspiciatis.','luis26@example.net','921-448-4497',139,'2020-11-02 20:58:06','2021-03-15 10:01:06'),(15,'ЗАО \"maxime\"','Dolorem commodi ut dolor unde soluta suscipit. Natus sed magni nisi nostrum. Exercitationem rerum ea nemo placeat exercitationem optio eos. Est omnis quod voluptatem consectetur provident maiores autem.','kara65@example.org','(112)505-9950',122,'2013-10-01 20:00:56','2021-03-15 10:01:06');
/*!40000 ALTER TABLE `organisation` ENABLE KEYS */;
UNLOCK TABLES;

--
-- Table structure for table `providers`
--

DROP TABLE IF EXISTS `providers`;
/*!40101 SET @saved_cs_client     = @@character_set_client */;
/*!40101 SET character_set_client = utf8 */;
CREATE TABLE `providers` (
  `id` int unsigned NOT NULL AUTO_INCREMENT COMMENT 'Идентификатор строки',
  `name` varchar(100) CHARACTER SET utf8mb4 COLLATE utf8mb4_unicode_ci NOT NULL COMMENT 'Название провайдера',
  `email` varchar(100) CHARACTER SET utf8mb4 COLLATE utf8mb4_unicode_ci NOT NULL COMMENT 'Почта',
  `phone` varchar(100) CHARACTER SET utf8mb4 COLLATE utf8mb4_unicode_ci NOT NULL COMMENT 'Телефон',
  `created_at` datetime DEFAULT CURRENT_TIMESTAMP COMMENT 'Время создания строки',
  `updated_at` datetime DEFAULT CURRENT_TIMESTAMP ON UPDATE CURRENT_TIMESTAMP COMMENT 'Время обновления строки',
  PRIMARY KEY (`id`),
  UNIQUE KEY `name` (`name`),
  UNIQUE KEY `email` (`email`),
  UNIQUE KEY `phone` (`phone`)
) ENGINE=InnoDB AUTO_INCREMENT=8 DEFAULT CHARSET=utf8mb4 COLLATE=utf8mb4_unicode_ci COMMENT='Провадеры';
/*!40101 SET character_set_client = @saved_cs_client */;

--
-- Dumping data for table `providers`
--

LOCK TABLES `providers` WRITE;
/*!40000 ALTER TABLE `providers` DISABLE KEYS */;
INSERT INTO `providers` VALUES (1,'provider \"eos\"','clyde94@example.com','+80(3)1281602462','2019-03-06 06:43:05','2021-03-15 10:05:45'),(2,'provider \"asperiores\"','kerluke.pasquale@example.net','1-048-628-0686','2013-07-06 06:07:12','2021-03-15 10:05:45'),(3,'provider \"necessitatibus\"','tony48@example.org','812-938-3291x683','2011-09-14 21:05:17','2021-03-15 10:05:45'),(4,'provider \"laudantium\"','dwaelchi@example.com','596-719-6419x7297','2017-09-11 14:02:09','2021-03-15 10:05:45'),(5,'provider \"ea\"','wolf.angelo@example.net','1-330-387-3868x829','2019-09-26 02:31:57','2021-03-15 10:05:45'),(6,'provider \"qui\"','eve.donnelly@example.org','1-841-213-5767x380','2014-01-04 16:27:09','2021-03-15 10:05:45'),(7,'provider \"harum\"','brooklyn.monahan@example.org','1-318-373-4753x3768','2014-07-20 03:05:58','2021-03-15 10:05:45');
/*!40000 ALTER TABLE `providers` ENABLE KEYS */;
UNLOCK TABLES;

--
-- Table structure for table `services`
--

DROP TABLE IF EXISTS `services`;
/*!40101 SET @saved_cs_client     = @@character_set_client */;
/*!40101 SET character_set_client = utf8 */;
CREATE TABLE `services` (
  `id` int unsigned NOT NULL AUTO_INCREMENT COMMENT 'Идентификатор строки',
  `name` varchar(100) CHARACTER SET utf8mb4 COLLATE utf8mb4_unicode_ci NOT NULL COMMENT 'Название сервиса',
  `description` text CHARACTER SET utf8mb4 COLLATE utf8mb4_unicode_ci COMMENT 'Описание сервиса',
  `email` varchar(100) CHARACTER SET utf8mb4 COLLATE utf8mb4_unicode_ci NOT NULL COMMENT 'Почта группы',
  `created_at` datetime DEFAULT CURRENT_TIMESTAMP COMMENT 'Время создания строки',
  `updated_at` datetime DEFAULT CURRENT_TIMESTAMP ON UPDATE CURRENT_TIMESTAMP COMMENT 'Время обновления строки',
  PRIMARY KEY (`id`),
  UNIQUE KEY `name` (`name`),
  UNIQUE KEY `email` (`email`)
) ENGINE=InnoDB AUTO_INCREMENT=21 DEFAULT CHARSET=utf8mb4 COLLATE=utf8mb4_unicode_ci COMMENT='Сервисуслуга';
/*!40101 SET character_set_client = @saved_cs_client */;

--
-- Dumping data for table `services`
--

LOCK TABLES `services` WRITE;
/*!40000 ALTER TABLE `services` DISABLE KEYS */;
INSERT INTO `services` VALUES (1,'Cеть','Maxime quos quia est molestiae aut. Eos error distinctio dolores id voluptatum ea. Corrupti mollitia illo enim expedita. Est mollitia molestiae excepturi.','murl.mcclure@example.com','2019-01-28 09:26:09','2021-03-15 10:14:39'),(2,'Инженерное оборудование','Voluptas rem vitae laborum modi. Laboriosam ut voluptas sit provident ipsam repudiandae dolore sapiente. Quae suscipit ab exercitationem beatae. Ex perferendis quisquam pariatur eius dolorem.','qlabadie@example.com','2014-09-04 03:21:58','2021-03-15 10:14:40'),(3,'Серверное оборудование','Aperiam voluptas eligendi repellendus est. Laborum tenetur quibusdam quisquam deleniti. Aut odit accusamus soluta omnis ea in.','wanda68@example.com','2015-08-20 15:25:12','2021-03-15 10:14:41'),(4,'Почтовые службы','Sint a possimus omnis quidem id. Soluta provident voluptatibus quod rem. Ut id alias animi excepturi dolorum eum voluptatem harum.','rylee29@example.com','2015-10-18 13:09:04','2021-03-15 10:08:33'),(5,'Службы каталога','Maxime accusamus nesciunt qui voluptates saepe. Aut debitis commodi vitae perspiciatis voluptas et. Iure nobis laborum id qui vero quia.','gullrich@example.com','2012-06-14 02:13:02','2021-03-15 10:14:42'),(6,'Файловый сервис','Eveniet eum adipisci quia placeat aliquam modi. Id qui adipisci aliquam non quia saepe aut. Minus dolores dolor consequatur laudantium eos atque sed. Voluptatem ut officiis ad fugit quia sit rerum.','zulauf.enid@example.com','2016-01-29 18:48:39','2021-03-15 10:14:43'),(7,'Каналы передачи данных','Debitis enim expedita odio sed velit. Reiciendis consectetur cumque numquam cum quae minus ut. Nobis ut dicta officia quibusdam ad tempore veniam.','yherzog@example.org','2020-07-12 09:48:14','2021-03-15 10:14:43'),(8,'Доставка рабочих столов','Perferendis autem ex tempora sint quia modi. Architecto reiciendis asperiores nihil quae tempore. Est sit consequatur officia et veritatis fugit modi. Maxime reprehenderit doloribus eum delectus eligendi.','reynolds.afton@example.org','2014-12-16 05:08:57','2021-03-15 10:14:44'),(9,'Интернет','Id consequatur ut ratione adipisci nulla voluptate. Illum nihil magni est veritatis aliquid deleniti. Enim rerum labore fuga vel.','koby.bosco@example.net','2014-02-08 01:04:53','2021-03-15 10:14:46'),(10,'Межсетевой доступ','Rerum inventore rerum consequatur accusamus voluptas. Et et sequi dicta assumenda. Voluptas nihil aut minus dolores totam. Architecto dolorem suscipit minus velit sint.','landen15@example.org','2015-09-29 12:36:40','2021-03-15 10:14:47'),(11,'Базы данных','Nisi porro quaerat fuga et voluptatem soluta officia. Ullam et eius beatae iure. Non consectetur eligendi incidunt porro. Aut suscipit dolorem sed qui quia sunt voluptate.','schmeler.davin@example.com','2019-08-07 15:40:19','2021-03-15 10:14:48'),(12,'Системы хранения данных','Laboriosam molestiae omnis eius. Sunt nemo et quis esse quis molestiae. Repellat eaque veritatis et sint doloremque rerum molestiae.','clifford28@example.net','2012-07-15 20:14:32','2021-03-15 10:14:49'),(13,'АСУТП','Molestiae enim eum dolores dignissimos. Sit et suscipit nesciunt non quasi ut iure. Officia veritatis eos beatae ut debitis et. Voluptatum ea laudantium architecto est alias rerum omnis qui.','ybarrows@example.com','2019-10-21 19:19:58','2021-03-15 10:14:51'),(14,'SAP','Praesentium cumque dolorum culpa. Placeat error voluptatem similique ducimus veniam. Et ratione sapiente et et a praesentium.','jlittel@example.org','2020-08-01 05:41:30','2021-03-15 10:14:52'),(15,'Доставка приложений','Suscipit earum cum et optio beatae molestiae exercitationem perspiciatis. Aspernatur molestias ut cum quod. Eius magni assumenda nihil ipsam adipisci ab earum.','ryley.gulgowski@example.net','2011-09-06 13:51:42','2021-03-15 10:14:53'),(16,'Тестовая услуга-003','Ut voluptatem quas distinctio ex quisquam distinctio. Est nesciunt deleniti ea. Cumque nulla sequi aut ratione veritatis nobis quis. Omnis sed tempora fugiat corporis.','silas.mckenzie@example.org','2015-10-31 20:56:25','2021-03-15 10:14:26'),(17,'Тестовая услуга-000','Nihil sit illo iure vero sapiente nihil et. Pariatur aut quia qui est. Qui sit minima voluptatem nisi et.','waters.maya@example.com','2013-10-30 05:36:18','2021-03-15 10:14:26'),(18,'Тестовая услуга-002','Totam et facilis quis expedita aut. A ullam saepe voluptatibus et at aliquid nihil. Ipsa itaque quia repellendus qui consequatur. Impedit maiores corporis omnis veritatis esse facilis facere. Repudiandae laudantium animi vel qui.','rowe.ivah@example.com','2014-03-10 16:04:51','2021-03-15 10:14:26'),(19,'Тестовая услуга-004','Totam nam ex voluptatibus eveniet minus laudantium. Veniam itaque velit suscipit dolorum harum similique temporibus odio. Expedita inventore hic earum perferendis maiores aut. Deleniti cumque et et odit recusandae sunt.','samantha28@example.net','2016-07-20 22:35:46','2021-03-15 10:14:26'),(20,'Тестовая услуга-001','Voluptas et quo necessitatibus non. Pariatur excepturi doloribus laborum.','cmetz@example.net','2020-01-30 06:32:53','2021-03-15 10:14:26');
/*!40000 ALTER TABLE `services` ENABLE KEYS */;
UNLOCK TABLES;

--
-- Table structure for table `services_users`
--

DROP TABLE IF EXISTS `services_users`;
/*!40101 SET @saved_cs_client     = @@character_set_client */;
/*!40101 SET character_set_client = utf8 */;
CREATE TABLE `services_users` (
  `services_id` int unsigned NOT NULL COMMENT 'Ссылка на сервисуслугу в которую входит пользователь',
  `user_id` int unsigned NOT NULL COMMENT 'Ссылка на пользователя',
  `created_at` datetime DEFAULT CURRENT_TIMESTAMP COMMENT 'Время создания строки',
  PRIMARY KEY (`services_id`,`user_id`) COMMENT 'Составной первичный ключ',
  KEY `services_users_user_id_fk` (`user_id`),
  CONSTRAINT `services_users_services_id_fk` FOREIGN KEY (`services_id`) REFERENCES `services` (`id`),
  CONSTRAINT `services_users_user_id_fk` FOREIGN KEY (`user_id`) REFERENCES `users` (`id`) ON DELETE CASCADE
) ENGINE=InnoDB DEFAULT CHARSET=utf8mb4 COLLATE=utf8mb4_unicode_ci COMMENT='Ответственные за услугусервис, связь между пользователями и услугами';
/*!40101 SET character_set_client = @saved_cs_client */;

--
-- Dumping data for table `services_users`
--

LOCK TABLES `services_users` WRITE;
/*!40000 ALTER TABLE `services_users` DISABLE KEYS */;
INSERT INTO `services_users` VALUES (1,24,'2017-06-13 07:38:41'),(1,47,'2013-01-22 18:43:42'),(1,55,'2014-12-25 22:04:26'),(1,80,'2011-06-19 12:22:02'),(1,97,'2021-02-19 08:32:42'),(1,181,'2013-03-11 04:57:56'),(2,19,'2020-09-27 09:15:33'),(2,40,'2011-04-12 02:27:16'),(2,70,'2014-01-23 04:35:19'),(2,87,'2013-03-26 08:06:59'),(2,88,'2020-09-08 02:07:30'),(2,128,'2016-06-20 08:30:15'),(2,141,'2013-04-02 15:29:57'),(3,3,'2019-10-03 02:10:32'),(3,13,'2016-07-04 04:24:24'),(3,18,'2016-07-13 04:59:06'),(3,58,'2017-09-18 13:34:31'),(3,190,'2017-04-09 23:25:24'),(4,27,'2012-11-28 23:36:51'),(4,77,'2012-07-03 23:13:33'),(4,96,'2019-03-29 12:33:49'),(4,186,'2014-07-28 02:31:12'),(5,25,'2013-08-01 02:08:51'),(5,104,'2016-12-26 10:51:38'),(5,169,'2016-10-28 17:25:54'),(6,28,'2015-01-30 20:44:28'),(6,164,'2013-04-29 03:58:23'),(6,180,'2011-05-25 06:52:35'),(7,45,'2015-12-27 11:52:45'),(7,49,'2017-11-25 18:39:57'),(7,59,'2015-04-22 08:50:42'),(7,120,'2013-01-29 17:18:22'),(7,139,'2015-09-11 17:23:24'),(7,167,'2013-10-30 11:15:16'),(7,177,'2015-11-08 01:47:00'),(8,2,'2015-03-25 07:02:52'),(8,104,'2021-02-02 06:38:32'),(8,107,'2014-10-30 20:36:11'),(8,109,'2016-05-23 23:09:23'),(8,154,'2012-09-27 20:49:44'),(8,180,'2012-04-19 04:03:05'),(8,189,'2015-12-11 18:37:05'),(8,191,'2011-09-08 17:58:19'),(9,52,'2013-08-09 05:36:34'),(9,73,'2016-01-12 13:35:05'),(9,139,'2012-01-08 10:44:18'),(9,152,'2013-10-28 04:32:54'),(9,183,'2019-11-27 19:27:56'),(9,186,'2019-04-02 17:02:10'),(10,109,'2019-09-11 18:20:49'),(10,114,'2013-07-16 14:52:25'),(10,125,'2015-04-18 06:10:49'),(10,178,'2016-03-15 17:07:00'),(11,54,'2013-06-01 02:29:36'),(11,77,'2011-10-13 00:44:46'),(11,105,'2013-10-07 16:18:47'),(11,135,'2011-06-05 14:47:42'),(11,141,'2015-11-30 03:16:41'),(11,174,'2014-07-02 16:36:46'),(12,16,'2013-12-01 00:13:40'),(12,25,'2017-03-26 20:29:04'),(12,170,'2019-02-17 07:19:07'),(12,183,'2013-08-26 23:28:06'),(12,189,'2011-12-13 09:57:33'),(12,200,'2014-06-03 16:26:30'),(13,2,'2017-06-06 15:06:53'),(13,34,'2012-12-12 18:42:39'),(13,61,'2013-01-30 22:39:45'),(13,82,'2018-04-09 18:56:38'),(13,149,'2013-01-13 18:57:14'),(13,170,'2012-05-05 00:56:13'),(14,84,'2012-11-01 13:10:15'),(14,135,'2019-06-06 00:14:03'),(14,140,'2016-05-11 22:16:50'),(14,174,'2021-02-04 21:11:18'),(14,188,'2012-06-30 21:34:41'),(15,129,'2015-05-08 03:14:11'),(16,57,'2018-05-10 02:33:48'),(16,72,'2014-06-25 13:46:37'),(16,113,'2015-11-24 11:14:39'),(16,154,'2013-08-03 01:35:40'),(16,178,'2015-11-21 14:45:19'),(17,8,'2015-07-03 06:01:23'),(17,128,'2011-12-08 12:57:41'),(17,136,'2018-08-11 07:53:45'),(17,141,'2017-06-25 20:11:07'),(17,172,'2020-02-01 02:12:02'),(18,6,'2017-12-11 12:09:29'),(18,27,'2013-05-04 23:31:05'),(18,85,'2013-01-23 07:45:56'),(18,97,'2016-03-05 11:57:14'),(18,134,'2015-09-21 01:01:03'),(18,178,'2020-11-15 17:43:55'),(18,199,'2012-06-08 11:19:47'),(20,21,'2016-03-11 16:01:27'),(20,63,'2014-10-21 13:29:34'),(20,136,'2014-05-13 23:35:28'),(20,145,'2018-10-18 05:30:50'),(20,159,'2019-06-16 10:26:09'),(20,193,'2015-04-23 01:58:32');
/*!40000 ALTER TABLE `services_users` ENABLE KEYS */;
UNLOCK TABLES;

--
-- Table structure for table `status`
--

DROP TABLE IF EXISTS `status`;
/*!40101 SET @saved_cs_client     = @@character_set_client */;
/*!40101 SET character_set_client = utf8 */;
CREATE TABLE `status` (
  `id` int unsigned NOT NULL AUTO_INCREMENT COMMENT 'Идентификатор строки',
  `name` varchar(100) CHARACTER SET utf8mb4 COLLATE utf8mb4_unicode_ci NOT NULL COMMENT 'Название статуса',
  `created_at` datetime DEFAULT CURRENT_TIMESTAMP COMMENT 'Время создания строки',
  `updated_at` datetime DEFAULT CURRENT_TIMESTAMP ON UPDATE CURRENT_TIMESTAMP COMMENT 'Время обновления строки',
  PRIMARY KEY (`id`),
  UNIQUE KEY `name` (`name`)
) ENGINE=InnoDB AUTO_INCREMENT=11 DEFAULT CHARSET=utf8mb4 COLLATE=utf8mb4_unicode_ci COMMENT='Статус оборудования (выведен из эксплуатации, в работе, в резерве и т.п)';
/*!40101 SET character_set_client = @saved_cs_client */;

--
-- Dumping data for table `status`
--

LOCK TABLES `status` WRITE;
/*!40000 ALTER TABLE `status` DISABLE KEYS */;
INSERT INTO `status` VALUES (1,'В работе','2014-04-07 19:03:20','2021-03-15 10:19:15'),(2,'Ожидает ремонта','2013-10-01 22:55:43','2021-03-15 10:19:16'),(3,'В резерве','2015-09-26 21:47:38','2021-03-15 10:19:16'),(4,'На складе','2017-09-01 04:09:28','2021-03-15 10:19:17'),(5,'Снято с эксплуатации','2012-09-13 18:27:52','2021-03-15 10:19:18'),(6,'Тестовый статус-002','2017-08-01 07:42:05','2021-03-15 10:19:07'),(7,'Тестовый статус-003','2016-05-31 02:12:31','2021-03-15 10:19:07'),(8,'Тестовый статус-004','2020-12-04 07:59:56','2021-03-15 10:19:07'),(9,'Тестовый статус-001','2012-06-02 16:49:40','2021-03-15 10:19:07'),(10,'Тестовый статус-000','2015-07-05 09:09:06','2021-03-15 10:19:07');
/*!40000 ALTER TABLE `status` ENABLE KEYS */;
UNLOCK TABLES;

--
-- Table structure for table `users`
--

DROP TABLE IF EXISTS `users`;
/*!40101 SET @saved_cs_client     = @@character_set_client */;
/*!40101 SET character_set_client = utf8 */;
CREATE TABLE `users` (
  `id` int unsigned NOT NULL AUTO_INCREMENT COMMENT 'Идентификатор строки',
  `first_name` varchar(100) CHARACTER SET utf8mb4 COLLATE utf8mb4_unicode_ci NOT NULL COMMENT 'Имя пользователя',
  `last_name` varchar(100) CHARACTER SET utf8mb4 COLLATE utf8mb4_unicode_ci NOT NULL COMMENT 'Фамилия пользователя',
  `email` varchar(100) CHARACTER SET utf8mb4 COLLATE utf8mb4_unicode_ci NOT NULL COMMENT 'Почта',
  `phone` varchar(100) CHARACTER SET utf8mb4 COLLATE utf8mb4_unicode_ci NOT NULL COMMENT 'Телефон',
  `created_at` datetime DEFAULT CURRENT_TIMESTAMP COMMENT 'Время создания строки',
  `updated_at` datetime DEFAULT CURRENT_TIMESTAMP ON UPDATE CURRENT_TIMESTAMP COMMENT 'Время обновления строки',
  PRIMARY KEY (`id`),
  UNIQUE KEY `email` (`email`),
  UNIQUE KEY `phone` (`phone`)
) ENGINE=InnoDB AUTO_INCREMENT=201 DEFAULT CHARSET=utf8mb4 COLLATE=utf8mb4_unicode_ci COMMENT='Пользователи';
/*!40101 SET character_set_client = @saved_cs_client */;

--
-- Dumping data for table `users`
--

LOCK TABLES `users` WRITE;
/*!40000 ALTER TABLE `users` DISABLE KEYS */;
INSERT INTO `users` VALUES (1,'Alexis','Dibbert','boyer.daryl@example.org','607.410.5144','2016-07-12 04:26:24','2014-02-23 19:21:00'),(2,'Aliya','Kozey','fadel.bernita@example.com','549.068.2557','2011-06-11 07:44:43','2015-05-27 01:13:57'),(3,'Kale','Abbott','eliane18@example.net','(877)711-0898x7619','2013-06-02 14:37:32','2020-06-17 23:19:04'),(4,'Edison','Strosin','d\'angelo.conn@example.org','974-279-7534','2020-07-04 15:32:08','2013-01-07 20:26:49'),(5,'Sabryna','Hauck','kaya99@example.net','1-110-577-1837x35348','2011-08-23 00:38:13','2016-12-19 09:38:05'),(6,'Shad','Hane','scarlett01@example.com','1-321-383-9599x054','2012-06-16 23:38:45','2018-06-26 20:09:04'),(7,'Colten','Gaylord','irma.olson@example.org','1-857-293-2162','2011-08-16 09:52:35','2013-05-09 16:36:05'),(8,'Lauren','Bayer','rath.jean@example.net','1-921-971-6057','2016-11-06 18:42:53','2020-08-05 12:50:52'),(9,'Agustina','Fadel','kameron12@example.com','1-476-590-8170x8354','2020-06-06 17:29:47','2011-05-18 17:14:05'),(10,'Earline','Hegmann','ekuvalis@example.net','04802426478','2019-10-21 06:18:48','2020-01-23 19:25:17'),(11,'Joe','Wolf','jaiden28@example.com','(806)660-6601x04786','2021-03-01 15:17:15','2018-12-31 10:02:11'),(12,'Walker','McKenzie','oharris@example.net','(357)405-5965','2020-11-06 10:05:01','2019-05-31 02:39:17'),(13,'Rocio','Zemlak','breitenberg.jose@example.com','(760)141-5572x398','2012-03-04 10:10:33','2020-02-29 23:16:06'),(14,'Abigale','Borer','thad.padberg@example.com','02480413118','2015-10-29 05:29:13','2016-08-20 22:24:20'),(15,'Kirk','Hayes','borer.leonard@example.com','1-556-895-5841','2016-08-17 11:09:37','2020-05-13 13:08:31'),(16,'Federico','Johnston','hswift@example.com','431-272-3935x987','2015-11-09 09:46:40','2015-02-14 21:53:46'),(17,'Greta','Gleichner','dolson@example.com','1-681-018-8073','2015-01-02 11:11:55','2019-05-29 16:55:36'),(18,'Dangelo','Barrows','abigale.maggio@example.com','1-726-639-2287','2016-04-01 05:36:40','2013-11-10 23:30:48'),(19,'Lupe','Pagac','gabriel.wisozk@example.com','(138)589-0399','2012-03-28 14:13:22','2020-07-06 21:38:32'),(20,'Raquel','Pollich','sawayn.coty@example.org','(397)158-3344x405','2014-09-13 21:52:07','2018-06-18 16:11:51'),(21,'Idella','Stamm','murphy.cordie@example.net','465.136.5606','2013-11-10 04:15:31','2018-10-22 16:14:04'),(22,'Theodore','Cremin','electa54@example.com','149.507.3890x9233','2019-09-14 09:15:54','2019-10-16 03:27:38'),(23,'Kimberly','Denesik','lennie.carter@example.com','(193)782-8857x286','2012-10-22 02:06:02','2020-09-10 06:05:34'),(24,'Hailie','Flatley','eprice@example.org','(081)709-3206','2017-10-03 14:33:31','2014-06-04 09:53:16'),(25,'Luz','Mertz','yjerde@example.com','+43(5)9165214296','2015-01-02 07:11:36','2015-04-23 14:58:38'),(26,'Jameson','Hessel','hamill.bert@example.net','04844011448','2013-03-11 05:10:44','2014-04-19 23:18:39'),(27,'Randy','Toy','jovanny.russel@example.net','024-377-4599','2016-01-25 07:01:15','2015-08-01 19:48:45'),(28,'Destin','Blick','lehner.lexi@example.com','981.816.0153x143','2016-07-17 18:35:08','2018-02-22 20:43:47'),(29,'Braulio','Stehr','ukuphal@example.com','+45(9)5750957974','2012-09-19 17:10:14','2011-04-05 15:02:26'),(30,'Zetta','Conn','reinger.jacques@example.net','1-636-117-0556x582','2019-07-03 05:28:19','2015-12-08 05:26:27'),(31,'Helene','Durgan','kautzer.madyson@example.com','03971929665','2013-02-04 15:39:53','2013-01-18 21:10:40'),(32,'Trystan','Hoppe','xbahringer@example.net','1-105-323-5681x7380','2020-04-03 09:28:52','2011-07-28 08:26:48'),(33,'Everette','Johns','marlon.upton@example.org','676.928.4386','2012-07-03 15:15:48','2015-04-19 00:20:16'),(34,'John','Frami','mgrady@example.org','1-267-639-4257x017','2017-12-07 22:11:26','2020-02-22 17:07:54'),(35,'Abdullah','Kertzmann','west.leta@example.org','01689310497','2016-09-13 12:27:45','2013-04-03 00:26:30'),(36,'Myrtis','Heathcote','lynch.carmen@example.org','607-476-1045x0205','2021-02-17 01:19:37','2016-02-25 08:51:51'),(37,'Christian','Johns','colton.watsica@example.com','(980)952-7134x2998','2011-03-21 02:16:56','2013-07-22 07:44:44'),(38,'Lily','Jenkins','reichert.loren@example.net','(277)408-9841','2016-08-29 06:22:00','2011-07-31 16:32:22'),(39,'Cayla','Casper','jordane33@example.org','821-761-4958','2018-02-23 23:27:52','2018-08-21 02:06:01'),(40,'Shad','Herzog','layne45@example.org','+56(3)9723254152','2013-04-18 04:21:06','2020-10-16 14:21:52'),(41,'Loren','Jacobs','zulauf.cali@example.com','552.617.3332x375','2019-02-24 16:32:14','2017-12-28 22:05:28'),(42,'Zola','Russel','kian.pfannerstill@example.net','09877463845','2015-06-03 11:50:01','2020-11-25 08:34:31'),(43,'Henri','Johnston','lucinda.bradtke@example.org','+88(9)0050328213','2014-08-31 11:06:22','2013-03-16 22:01:39'),(44,'Carli','DuBuque','bednar.edna@example.com','1-448-813-7224x8696','2019-03-07 18:43:08','2014-12-10 05:06:39'),(45,'Concepcion','Grimes','graham.lourdes@example.net','260.532.7408','2012-02-08 23:42:55','2017-04-08 03:02:11'),(46,'Delaney','Koepp','brooke23@example.org','(815)537-0934x41928','2016-07-03 22:58:34','2019-03-18 11:38:30'),(47,'Yesenia','Moen','susie66@example.org','(162)804-6474x132','2020-12-20 18:31:01','2014-11-04 03:52:00'),(48,'Jazlyn','Mayert','haag.lottie@example.org','+83(8)5377799152','2013-03-05 02:21:25','2019-03-11 06:28:15'),(49,'Webster','Thiel','rice.lottie@example.org','(483)403-2992x72137','2015-07-28 16:25:37','2019-06-14 08:31:12'),(50,'Tamara','Schmitt','jbosco@example.com','384-161-5976x551','2019-12-24 03:06:45','2014-09-21 03:16:49'),(51,'Sabrina','Durgan','lehner.jovani@example.net','865-060-9543','2017-04-02 10:52:10','2021-02-04 04:08:11'),(52,'Sandrine','Gaylord','eryn.ratke@example.org','970-053-9555x73859','2017-07-21 02:57:07','2018-10-21 21:25:12'),(53,'Wyman','Hilll','sflatley@example.net','(996)795-1316x9408','2017-04-06 13:35:32','2013-12-10 00:52:17'),(54,'Reyes','Hane','aleen.ullrich@example.net','05780578324','2018-05-13 23:47:40','2013-10-05 18:50:09'),(55,'Zander','Dibbert','shayna.hermiston@example.com','1-042-911-3473x523','2012-05-13 15:20:01','2016-02-27 11:48:09'),(56,'Jillian','Hilpert','aleen.howell@example.net','(124)223-5231x1715','2014-04-16 17:20:07','2014-01-16 05:15:44'),(57,'Lia','Grant','kiehn.malvina@example.net','091.987.0134x474','2016-11-06 00:14:19','2020-04-21 17:18:28'),(58,'Alivia','Watsica','tyshawn.gerhold@example.com','556.532.4607','2019-05-08 22:32:56','2019-03-16 12:18:26'),(59,'Geoffrey','Sauer','janelle.glover@example.com','1-211-812-1013','2020-08-29 06:09:30','2020-12-10 07:09:03'),(60,'Marilyne','Hansen','balistreri.kenya@example.com','+79(6)8432225884','2011-12-28 21:17:39','2017-06-09 09:33:52'),(61,'Dewitt','Graham','elza.glover@example.com','1-340-507-3452x50587','2019-04-14 22:21:47','2013-02-05 06:48:52'),(62,'Elsa','Anderson','cassidy14@example.net','(630)037-7870x09656','2018-09-01 06:04:32','2017-05-01 16:56:13'),(63,'Willis','Tillman','tpurdy@example.net','1-228-299-4269x6337','2015-06-01 21:48:40','2016-06-20 09:49:51'),(64,'Sonya','Schaefer','cormier.enoch@example.org','09864657120','2012-02-22 02:13:36','2020-11-20 02:31:44'),(65,'Larissa','Pagac','julian12@example.com','1-784-849-5829','2019-04-15 10:50:23','2020-05-01 04:36:53'),(66,'Marco','Graham','juwan80@example.net','1-323-703-0847','2016-09-09 22:21:40','2019-06-17 23:37:07'),(67,'Cecil','Cruickshank','haag.serena@example.net','110.813.3192x734','2014-01-19 17:02:11','2017-03-01 03:17:16'),(68,'Clifford','Daniel','iconn@example.org','015.686.7354x9073','2021-02-01 01:08:22','2013-11-25 12:07:26'),(69,'Asha','Legros','rosalee.hilpert@example.net','192-284-5671','2011-09-10 17:28:02','2020-08-30 17:16:48'),(70,'Sarina','Roob','sherzog@example.org','402.897.5477','2018-07-06 02:47:09','2015-07-26 00:00:23'),(71,'Alvera','Lueilwitz','lhudson@example.com','159.414.4273','2020-06-26 11:17:52','2020-12-18 08:20:22'),(72,'Aubree','Ernser','walsh.stuart@example.com','(545)494-2579x1007','2012-05-03 06:50:10','2015-03-20 08:21:25'),(73,'Cullen','Smith','freda45@example.net','906.107.5647x839','2014-03-24 10:19:06','2019-09-30 15:50:40'),(74,'Fredy','Leffler','kobe90@example.net','169.682.3133x487','2011-04-19 16:23:09','2021-01-12 00:09:27'),(75,'Kailee','Streich','raynor.modesta@example.org','057.993.3373x827','2011-08-28 23:02:00','2013-09-25 09:27:32'),(76,'Emery','Grant','julia.hilpert@example.com','270.467.2844x8367','2016-05-13 15:09:20','2013-08-01 02:38:48'),(77,'Frances','Gibson','alexandro16@example.com','+44(6)0923344894','2019-06-08 14:52:03','2019-01-12 17:19:41'),(78,'Vern','Rolfson','leffler.larry@example.org','680-338-3596','2012-05-14 17:27:00','2015-04-02 10:48:01'),(79,'Fiona','Hammes','ferry.alvena@example.net','(697)585-6487x9755','2017-06-05 08:33:19','2015-07-25 07:09:26'),(80,'Delia','Bartell','yost.emelia@example.org','687.748.9609x17282','2017-03-20 20:15:03','2021-01-28 07:39:49'),(81,'Jonathon','Fay','maryjane.vandervort@example.net','(232)211-3976x02438','2011-03-28 13:38:55','2013-04-20 05:06:55'),(82,'Bryon','McCullough','roma16@example.net','(795)603-9655','2017-04-01 03:19:28','2012-11-15 02:13:35'),(83,'Monserrat','Witting','amy41@example.com','04981938047','2014-07-05 00:29:34','2012-04-06 16:36:19'),(84,'Jaida','Wyman','maribel.braun@example.com','(944)238-8991','2016-07-04 06:33:05','2017-03-22 11:31:38'),(85,'Christian','Harris','qconn@example.com','1-325-951-4982x764','2011-06-16 22:00:53','2012-05-28 23:19:03'),(86,'Julia','Gleason','beatty.pearlie@example.net','(465)753-9467x6106','2015-08-10 03:10:09','2017-11-07 12:58:13'),(87,'Sylvia','Nader','alexandria93@example.com','+29(0)6749659328','2016-12-14 14:57:22','2012-11-12 20:08:37'),(88,'Tia','Runolfsdottir','davion.kreiger@example.net','1-432-463-2793x4690','2015-05-11 12:06:55','2020-01-22 05:17:15'),(89,'Emily','Franecki','jbauch@example.net','1-692-168-1926x412','2017-12-19 17:24:23','2018-01-20 15:20:27'),(90,'Aditya','Dicki','ophelia88@example.net','500-707-3865x1470','2017-01-17 11:05:47','2018-06-22 22:40:08'),(91,'Arch','Kunze','kwalker@example.com','511.344.6678','2019-04-22 12:08:43','2019-02-17 06:58:39'),(92,'Autumn','Carter','walsh.mabel@example.com','419-148-2186x09042','2015-06-14 03:54:05','2018-04-15 05:59:17'),(93,'Jermey','Dickinson','hermina34@example.org','1-201-543-4481x995','2017-08-16 11:29:52','2015-02-05 11:14:10'),(94,'Erika','Lehner','janiya.crona@example.net','421.575.3398','2019-05-23 22:02:03','2012-06-09 11:50:03'),(95,'Everardo','Wintheiser','zcrona@example.net','105-343-6461x27341','2014-12-04 01:18:55','2014-03-12 16:00:10'),(96,'Breanne','Schoen','rowland47@example.org','852-363-7754x6798','2012-06-27 05:13:56','2015-05-18 10:05:59'),(97,'Nia','Sanford','zkuhlman@example.org','974-142-4257x87078','2012-08-05 14:11:26','2020-06-05 15:11:12'),(98,'Hudson','Beahan','xlakin@example.org','131-587-4860','2020-06-28 15:43:46','2018-04-17 18:35:12'),(99,'Micaela','Lesch','hdubuque@example.net','1-945-111-2850x8666','2018-06-26 05:04:51','2018-08-24 17:08:02'),(100,'Terrell','Abernathy','wilhelm.auer@example.org','1-717-418-7947','2013-07-16 20:25:42','2012-07-01 10:52:21'),(101,'Dimitri','Cruickshank','alfred.cummings@example.org','860-266-2567','2018-09-13 20:05:57','2017-02-17 04:19:03'),(102,'Jerrold','Schultz','dicki.alysson@example.org','1-821-037-5876x13832','2018-10-07 15:10:27','2017-07-27 09:24:52'),(103,'Enrique','Kertzmann','javon67@example.net','(562)933-9844x445','2020-09-03 09:52:41','2016-01-22 14:09:44'),(104,'Broderick','Hammes','beatty.marlen@example.com','792-075-8188x6539','2015-09-13 18:03:21','2019-06-26 06:05:52'),(105,'Adah','Kiehn','helena68@example.com','548-858-5413x71769','2014-03-25 12:30:34','2018-01-18 16:52:49'),(106,'Rigoberto','Kihn','yoshiko81@example.net','157.475.5753x860','2016-10-17 21:44:00','2021-02-13 16:17:56'),(107,'June','Schumm','andy.raynor@example.org','171.828.4252','2012-12-27 09:17:00','2016-06-17 05:23:16'),(108,'Clark','Volkman','annie14@example.org','1-082-427-3592','2018-08-27 12:05:09','2016-07-27 12:33:14'),(109,'Carleton','Grimes','robel.krystal@example.com','1-897-657-0545x3064','2017-12-31 20:32:07','2019-07-16 13:47:16'),(110,'Hyman','Kunde','lkihn@example.org','203-281-5553x756','2019-01-11 00:44:49','2015-02-08 21:05:22'),(111,'Adrien','Tillman','jklocko@example.com','812-876-8939x9014','2020-06-21 08:05:01','2013-03-31 18:07:49'),(112,'Esmeralda','Dare','eldred.shanahan@example.com','1-905-417-1044','2020-10-21 06:04:54','2017-05-13 02:24:44'),(113,'Madelynn','Wisoky','zspinka@example.org','086-756-7205x68145','2017-04-01 09:27:27','2019-05-16 17:56:39'),(114,'Raleigh','Williamson','mazie96@example.org','1-888-699-1798x118','2018-11-16 09:41:02','2012-01-16 05:27:48'),(115,'Bernice','Runolfsson','skye.hettinger@example.net','888-853-8963x738','2017-03-31 03:23:16','2016-03-10 05:15:12'),(116,'Waino','Krajcik','kilback.graham@example.com','(599)101-0455','2020-03-07 17:43:03','2012-02-22 10:15:31'),(117,'Marlon','Lockman','ritchie.gerhard@example.net','(246)354-1340','2013-03-20 11:30:58','2018-12-08 18:21:59'),(118,'Sonny','Herzog','deckow.savanna@example.com','1-717-797-3078','2018-12-04 02:50:06','2015-07-28 01:27:08'),(119,'Rebeca','Sawayn','bernier.erik@example.org','1-681-602-7371','2015-04-16 04:38:15','2011-11-09 05:43:20'),(120,'Jaqueline','VonRueden','ecrooks@example.com','272-319-2635x3196','2014-05-07 02:32:07','2018-02-04 16:07:00'),(121,'Maybell','Luettgen','hilario00@example.org','025-884-9122','2017-03-30 21:29:49','2020-07-12 03:49:59'),(122,'Trent','Rodriguez','kathleen.nienow@example.org','08600212588','2017-02-02 11:59:01','2020-05-08 10:45:19'),(123,'Luz','Gutkowski','xdoyle@example.com','165.130.1383','2013-10-15 05:01:05','2014-07-27 09:57:37'),(124,'Rolando','Grady','cielo.paucek@example.org','(253)807-8937','2015-08-31 12:54:34','2015-07-01 14:13:07'),(125,'Jovany','Dickinson','bromaguera@example.net','934.620.7625','2015-11-02 15:01:00','2013-12-24 05:38:39'),(126,'Carroll','Jaskolski','ybeahan@example.com','1-606-027-4308x68191','2014-02-05 19:02:42','2013-09-21 18:32:34'),(127,'Abigail','Nitzsche','gussie38@example.org','377-105-5036x9365','2015-02-14 12:42:39','2020-09-28 15:20:48'),(128,'Lambert','O\'Hara','zbahringer@example.net','1-609-290-8306','2015-02-03 13:37:25','2016-08-29 02:05:00'),(129,'Kenyatta','Simonis','holly47@example.org','(003)924-4550x72443','2019-09-16 22:08:28','2011-12-26 14:43:49'),(130,'Grant','Wiza','mitchel.ebert@example.net','(952)471-6796x59903','2015-12-04 17:16:51','2012-05-13 05:32:50'),(131,'Finn','Doyle','zella.volkman@example.net','04686620298','2012-09-26 00:48:24','2021-02-15 07:10:11'),(132,'Linwood','Hermiston','wwilkinson@example.com','085-276-9733x253','2013-02-09 02:19:28','2012-09-06 12:41:53'),(133,'Triston','Schimmel','tdicki@example.org','+41(8)3276235295','2011-11-28 19:15:41','2014-11-09 12:41:36'),(134,'Keshawn','Upton','bogisich.jayde@example.org','489.878.5045','2012-09-15 13:06:17','2013-08-24 00:03:34'),(135,'Matilde','Orn','godfrey30@example.com','1-448-542-8281','2018-10-15 02:24:31','2014-02-14 02:29:30'),(136,'Telly','Hane','lillie49@example.com','905-798-9843','2018-07-03 04:21:40','2016-03-13 13:13:41'),(137,'Tracey','Durgan','tania.mills@example.com','929.045.1034x68873','2017-01-24 13:20:53','2020-06-06 11:20:38'),(138,'Blaise','Reichel','ellsworth29@example.org','314.366.9695x67801','2011-07-10 01:41:52','2012-10-24 17:51:29'),(139,'Oma','Howell','lou.koss@example.net','994.044.6120','2017-02-27 23:59:47','2012-09-07 03:21:13'),(140,'Braden','Stracke','swaniawski.danny@example.com','538.044.5057x9782','2016-12-05 11:46:24','2017-07-11 17:23:56'),(141,'Beaulah','Russel','bechtelar.casimir@example.com','1-260-863-9126x76055','2013-09-13 23:01:12','2011-07-13 16:10:03'),(142,'Erin','Walsh','fay.olen@example.net','891.404.6288x78835','2018-11-01 17:31:26','2019-12-10 10:30:31'),(143,'Marjolaine','Konopelski','marlin55@example.net','1-881-298-8280x1535','2016-05-28 16:29:18','2011-07-18 05:12:12'),(144,'Joshuah','McClure','madelyn.zulauf@example.net','(932)833-4669x322','2020-12-06 18:14:12','2016-07-02 10:59:52'),(145,'Dianna','Metz','franz.lynch@example.com','1-248-509-0019','2017-11-09 06:58:50','2011-11-17 20:37:43'),(146,'Creola','Kunze','brooklyn43@example.com','(502)513-3213','2015-03-24 04:28:28','2015-07-08 15:19:51'),(147,'Tate','Schneider','omonahan@example.org','483.548.4058','2019-10-16 17:18:19','2016-08-27 05:51:41'),(148,'Melvina','Wintheiser','ckuhlman@example.com','1-961-724-7096','2020-11-24 23:54:16','2013-04-26 19:11:13'),(149,'Sandra','Beatty','pagac.anabelle@example.net','(144)886-5883x50398','2014-12-05 20:03:48','2020-05-31 04:58:55'),(150,'Jeremy','Koss','dorthy.murazik@example.com','(884)091-0525','2017-02-20 06:50:25','2014-10-10 08:13:30'),(151,'Lauriane','Lesch','wisoky.maud@example.org','405.479.9318x6572','2020-07-28 11:53:32','2017-10-09 21:27:09'),(152,'Elna','Weimann','prohaska.cortney@example.com','770.279.5525x0518','2015-07-02 19:08:59','2011-08-19 04:48:24'),(153,'Colton','Collier','gerlach.robyn@example.net','029-745-9296','2014-05-31 14:18:00','2014-09-03 19:58:28'),(154,'Rae','Schamberger','kasey.herman@example.net','906-642-9172','2013-02-13 04:53:31','2016-09-02 18:50:55'),(155,'Kay','Ferry','leanne51@example.net','(990)055-0810','2011-03-17 23:03:08','2017-08-06 13:10:24'),(156,'Hans','Gutmann','kunde.finn@example.net','+85(1)1955394293','2016-04-19 21:31:44','2014-11-26 08:52:09'),(157,'Jodie','Boehm','mweber@example.com','(430)630-3079','2011-12-09 00:12:56','2021-02-20 11:39:50'),(158,'Krystel','Jacobi','connelly.kristina@example.com','1-772-455-4419x132','2019-09-17 02:12:06','2011-11-13 17:01:16'),(159,'Reina','Larson','lindsay32@example.org','331.687.1067','2011-10-23 19:37:40','2012-07-31 00:05:39'),(160,'Burdette','Vandervort','cremin.ulices@example.net','158.591.6988','2016-10-19 19:13:13','2011-03-22 07:26:51'),(161,'Chasity','Pacocha','hmurray@example.org','746.527.1365x905','2015-02-26 14:41:31','2016-10-03 00:21:57'),(162,'Sam','Brakus','frank43@example.net','1-453-003-3029x78442','2020-05-22 02:33:09','2011-03-22 08:29:19'),(163,'Herminia','Heidenreich','skris@example.net','(342)557-2899','2015-07-15 06:36:25','2019-05-26 01:13:30'),(164,'Lila','Waters','gerardo.anderson@example.org','423-930-8416','2015-02-24 07:49:33','2016-07-17 21:44:56'),(165,'Carolina','Parisian','fmorar@example.org','187-517-5009','2020-11-18 07:50:43','2012-06-23 01:33:31'),(166,'Orlo','Little','aryanna17@example.net','1-384-693-8062x227','2016-01-02 12:11:51','2013-07-10 04:39:37'),(167,'Stella','Schmeler','haag.kayley@example.com','1-780-943-0144x2077','2015-08-08 20:17:34','2017-07-04 11:28:23'),(168,'Jameson','Stamm','carissa98@example.org','1-094-147-8816','2016-02-19 00:16:37','2015-11-02 08:31:20'),(169,'Melyssa','Cummerata','langosh.clifford@example.com','1-839-645-3423x37742','2018-11-09 13:08:18','2015-03-31 18:13:08'),(170,'Marianne','Jacobson','bernice.cartwright@example.net','383-643-6890','2014-04-15 21:57:44','2016-04-12 16:10:07'),(171,'Michel','Harber','fanny.von@example.net','(367)490-0977x1738','2012-06-29 13:00:10','2015-12-28 17:45:50'),(172,'Dominic','Lehner','dthompson@example.org','1-255-943-7294','2021-01-09 01:49:40','2014-02-07 04:04:17'),(173,'Stacy','Ferry','mohamed18@example.com','01206449464','2011-09-02 12:29:37','2016-08-05 01:26:22'),(174,'Kelvin','Kautzer','doris.anderson@example.com','00011009783','2012-02-05 23:59:48','2015-01-30 20:59:42'),(175,'Jonathan','Goyette','helga23@example.com','983-188-6529x19185','2018-08-31 22:44:58','2017-11-07 23:53:09'),(176,'Maudie','Watsica','heathcote.willis@example.net','(888)324-6758','2017-10-08 05:08:09','2018-10-19 22:43:04'),(177,'Stefan','Runte','ardith.goyette@example.com','(269)725-6321x8554','2015-01-21 12:12:37','2014-06-04 13:57:31'),(178,'Fannie','McKenzie','chesley.jakubowski@example.org','386.477.5762x0513','2013-01-01 15:31:15','2020-05-26 09:27:15'),(179,'Levi','Kohler','hzemlak@example.com','1-529-302-6988x5820','2016-03-15 10:49:56','2017-05-05 05:24:32'),(180,'Rickey','Mann','rosario50@example.org','(103)641-3360','2019-08-20 18:01:58','2021-02-17 00:21:43'),(181,'Estell','Adams','vern06@example.com','1-320-623-8963x0823','2013-04-12 18:28:01','2020-06-18 16:55:47'),(182,'Kali','Purdy','dferry@example.com','1-651-067-6403','2016-05-17 19:11:45','2017-08-20 20:35:36'),(183,'Jaden','Connelly','djones@example.net','(488)365-4634','2011-05-11 07:47:43','2019-07-11 03:49:12'),(184,'Hollie','Cronin','ldach@example.net','1-310-852-7395x730','2011-12-17 15:00:36','2016-12-04 11:48:22'),(185,'Dora','Carroll','forrest.funk@example.net','+54(3)7081580315','2014-12-27 05:44:27','2017-05-18 14:57:41'),(186,'Kianna','Morissette','mohr.keon@example.com','1-487-441-3022x702','2016-09-07 10:43:40','2017-06-11 07:40:22'),(187,'Kellen','Grimes','heathcote.julian@example.net','638-914-6530x834','2012-12-16 13:42:40','2013-11-27 03:09:40'),(188,'Quincy','Heaney','quinten95@example.com','1-405-071-7824x027','2015-04-10 19:36:03','2020-09-15 11:45:58'),(189,'Bert','Dietrich','edmund.boehm@example.org','517-023-8399x3455','2019-07-09 15:51:53','2018-02-03 13:11:04'),(190,'Dan','McLaughlin','misty22@example.org','927-222-9022x265','2015-11-19 12:12:43','2011-09-08 02:11:29'),(191,'Loy','Runolfsdottir','clovis.hermiston@example.net','1-351-648-5905x58106','2016-02-29 02:34:59','2014-12-21 08:46:04'),(192,'Mae','Lakin','cameron19@example.net','382.340.2930x0416','2013-04-14 23:30:02','2018-01-04 15:19:56'),(193,'Ashley','Wuckert','cartwright.claudie@example.com','282.741.2582x6756','2014-11-01 05:50:25','2019-01-29 13:06:23'),(194,'Dannie','Muller','ekeeling@example.com','(310)889-4732','2015-07-23 05:53:57','2016-09-10 06:30:25'),(195,'Lambert','Conn','schimmel.woodrow@example.net','(350)137-1723x895','2014-12-13 11:00:43','2016-01-28 07:22:38'),(196,'Baby','Daniel','jkeebler@example.org','(858)219-2451x546','2013-06-11 18:41:00','2020-06-09 13:46:22'),(197,'Maxime','Shields','yadira.glover@example.net','1-647-498-1751x67975','2011-06-24 14:57:53','2011-10-26 03:34:44'),(198,'Annamarie','Gusikowski','taryn.lowe@example.net','05461537313','2018-01-08 23:04:02','2019-12-26 07:19:41'),(199,'Berniece','Konopelski','hirthe.janis@example.com','642.106.8083','2018-09-09 10:05:17','2015-05-08 15:14:15'),(200,'Jena','Wisozk','kessler.samantha@example.net','(298)560-0366x3293','2020-04-04 19:04:43','2017-02-13 18:27:48');
/*!40000 ALTER TABLE `users` ENABLE KEYS */;
UNLOCK TABLES;
/*!50003 SET @saved_cs_client      = @@character_set_client */ ;
/*!50003 SET @saved_cs_results     = @@character_set_results */ ;
/*!50003 SET @saved_col_connection = @@collation_connection */ ;
/*!50003 SET character_set_client  = utf8mb4 */ ;
/*!50003 SET character_set_results = utf8mb4 */ ;
/*!50003 SET collation_connection  = utf8mb4_0900_ai_ci */ ;
/*!50003 SET @saved_sql_mode       = @@sql_mode */ ;
/*!50003 SET sql_mode              = 'ONLY_FULL_GROUP_BY,STRICT_TRANS_TABLES,NO_ZERO_IN_DATE,NO_ZERO_DATE,ERROR_FOR_DIVISION_BY_ZERO,NO_ENGINE_SUBSTITUTION' */ ;
DELIMITER ;;
/*!50003 CREATE*/ /*!50017 DEFINER=`root`@`localhost`*/ /*!50003 TRIGGER `users_log` AFTER INSERT ON `users` FOR EACH ROW BEGIN
	INSERT INTO logs (table_name, id, first_name, last_name, created_time)
	VALUES ('users', NEW.id, NEW.first_name, NEW.last_name, NOW());
END */;;
DELIMITER ;
/*!50003 SET sql_mode              = @saved_sql_mode */ ;
/*!50003 SET character_set_client  = @saved_cs_client */ ;
/*!50003 SET character_set_results = @saved_cs_results */ ;
/*!50003 SET collation_connection  = @saved_col_connection */ ;

--
-- Temporary table structure for view `view_loc_model`
--

DROP TABLE IF EXISTS `view_loc_model`;
/*!50001 DROP VIEW IF EXISTS `view_loc_model`*/;
SET @saved_cs_client     = @@character_set_client;
SET character_set_client = utf8;
/*!50001 CREATE TABLE `view_loc_model` (
  `location` tinyint NOT NULL,
  `name` tinyint NOT NULL,
  `model` tinyint NOT NULL
) ENGINE=MyISAM */;
SET character_set_client = @saved_cs_client;

--
-- Temporary table structure for view `view_providers_summ_info`
--

DROP TABLE IF EXISTS `view_providers_summ_info`;
/*!50001 DROP VIEW IF EXISTS `view_providers_summ_info`*/;
SET @saved_cs_client     = @@character_set_client;
SET character_set_client = utf8;
/*!50001 CREATE TABLE `view_providers_summ_info` (
  `provider` tinyint NOT NULL,
  `channel` tinyint NOT NULL,
  `status` tinyint NOT NULL,
  `from_location` tinyint NOT NULL,
  `to_location` tinyint NOT NULL
) ENGINE=MyISAM */;
SET character_set_client = @saved_cs_client;

--
-- Dumping routines for database 'inventory'
--
/*!50003 DROP PROCEDURE IF EXISTS `getChannelInfo` */;
/*!50003 SET @saved_cs_client      = @@character_set_client */ ;
/*!50003 SET @saved_cs_results     = @@character_set_results */ ;
/*!50003 SET @saved_col_connection = @@collation_connection */ ;
/*!50003 SET character_set_client  = utf8mb4 */ ;
/*!50003 SET character_set_results = utf8mb4 */ ;
/*!50003 SET collation_connection  = utf8mb4_0900_ai_ci */ ;
/*!50003 SET @saved_sql_mode       = @@sql_mode */ ;
/*!50003 SET sql_mode              = 'ONLY_FULL_GROUP_BY,STRICT_TRANS_TABLES,NO_ZERO_IN_DATE,NO_ZERO_DATE,ERROR_FOR_DIVISION_BY_ZERO,NO_ENGINE_SUBSTITUTION' */ ;
DELIMITER ;;
CREATE DEFINER=`root`@`localhost` PROCEDURE `getChannelInfo`(IN chname varchar(100))
    COMMENT 'по имени оборудования возвращает локацию, сервис, статус'
BEGIN
  SELECT DISTINCT channels.name AS channels, providers.name AS providers, to_loc.location_name,from_loc.location_name 
	FROM channels
		JOIN providers
		ON channels.provider_id = providers.id 
		JOIN location to_loc 
		ON to_loc.id = channels.to_location_id 		
		JOIN location from_loc  
		ON from_loc.id = channels.from_location_id 
	WHERE providers.name COLLATE utf8mb4_general_ci = chname; 
END ;;
DELIMITER ;
/*!50003 SET sql_mode              = @saved_sql_mode */ ;
/*!50003 SET character_set_client  = @saved_cs_client */ ;
/*!50003 SET character_set_results = @saved_cs_results */ ;
/*!50003 SET collation_connection  = @saved_col_connection */ ;
/*!50003 DROP PROCEDURE IF EXISTS `getDeviceInfo` */;
/*!50003 SET @saved_cs_client      = @@character_set_client */ ;
/*!50003 SET @saved_cs_results     = @@character_set_results */ ;
/*!50003 SET @saved_col_connection = @@collation_connection */ ;
/*!50003 SET character_set_client  = utf8mb4 */ ;
/*!50003 SET character_set_results = utf8mb4 */ ;
/*!50003 SET collation_connection  = utf8mb4_0900_ai_ci */ ;
/*!50003 SET @saved_sql_mode       = @@sql_mode */ ;
/*!50003 SET sql_mode              = 'ONLY_FULL_GROUP_BY,STRICT_TRANS_TABLES,NO_ZERO_IN_DATE,NO_ZERO_DATE,ERROR_FOR_DIVISION_BY_ZERO,NO_ENGINE_SUBSTITUTION' */ ;
DELIMITER ;;
CREATE DEFINER=`root`@`localhost` PROCEDURE `getDeviceInfo`(IN devname varchar(100))
    COMMENT 'по имени оборудования возвращает локацию, сервис, статус'
BEGIN
   SELECT d.device_name, l.location_name, s.name AS service, st.name AS status
     FROM deviсes d, location l, services s, status st WHERE d.device_name COLLATE utf8mb4_general_ci = devname AND l.id = d.location_id AND s.id = d.services_id AND st.id = d.status_id; 
END ;;
DELIMITER ;
/*!50003 SET sql_mode              = @saved_sql_mode */ ;
/*!50003 SET character_set_client  = @saved_cs_client */ ;
/*!50003 SET character_set_results = @saved_cs_results */ ;
/*!50003 SET collation_connection  = @saved_col_connection */ ;

--
-- Final view structure for view `view_loc_model`
--

/*!50001 DROP TABLE IF EXISTS `view_loc_model`*/;
/*!50001 DROP VIEW IF EXISTS `view_loc_model`*/;
/*!50001 SET @saved_cs_client          = @@character_set_client */;
/*!50001 SET @saved_cs_results         = @@character_set_results */;
/*!50001 SET @saved_col_connection     = @@collation_connection */;
/*!50001 SET character_set_client      = utf8mb4 */;
/*!50001 SET character_set_results     = utf8mb4 */;
/*!50001 SET collation_connection      = utf8mb4_0900_ai_ci */;
/*!50001 CREATE ALGORITHM=UNDEFINED */
/*!50013 DEFINER=`root`@`localhost` SQL SECURITY DEFINER */
/*!50001 VIEW `view_loc_model` (`location`,`name`,`model`) AS select `location`.`location_name` AS `location_name`,`deviсes`.`device_name` AS `device_name`,`device_model`.`name` AS `name` from ((`deviсes` join `device_model` on((`deviсes`.`device_model_id` = `device_model`.`id`))) join `location` on((`deviсes`.`location_id` = `location`.`id`))) order by `location`.`location_name` */;
/*!50001 SET character_set_client      = @saved_cs_client */;
/*!50001 SET character_set_results     = @saved_cs_results */;
/*!50001 SET collation_connection      = @saved_col_connection */;

--
-- Final view structure for view `view_providers_summ_info`
--

/*!50001 DROP TABLE IF EXISTS `view_providers_summ_info`*/;
/*!50001 DROP VIEW IF EXISTS `view_providers_summ_info`*/;
/*!50001 SET @saved_cs_client          = @@character_set_client */;
/*!50001 SET @saved_cs_results         = @@character_set_results */;
/*!50001 SET @saved_col_connection     = @@collation_connection */;
/*!50001 SET character_set_client      = utf8mb4 */;
/*!50001 SET character_set_results     = utf8mb4 */;
/*!50001 SET collation_connection      = utf8mb4_0900_ai_ci */;
/*!50001 CREATE ALGORITHM=UNDEFINED */
/*!50013 DEFINER=`root`@`localhost` SQL SECURITY DEFINER */
/*!50001 VIEW `view_providers_summ_info` (`provider`,`channel`,`status`,`from_location`,`to_location`) AS select `providers`.`name` AS `name`,`channels`.`name` AS `name`,`status`.`name` AS `name`,(select `location`.`location_name` from `location` where (`location`.`id` = `channels`.`from_location_id`)) AS `from_location`,(select `location`.`location_name` from `location` where (`location`.`id` = `channels`.`to_location_id`)) AS `to_location` from (((`providers` join `channels` on((`channels`.`provider_id` = `providers`.`id`))) join `status` on((`channels`.`status_id` = `status`.`id`))) join `location`) group by `channels`.`name` order by `channels`.`name` */;
/*!50001 SET character_set_client      = @saved_cs_client */;
/*!50001 SET character_set_results     = @saved_cs_results */;
/*!50001 SET collation_connection      = @saved_col_connection */;
/*!40103 SET TIME_ZONE=@OLD_TIME_ZONE */;

/*!40101 SET SQL_MODE=@OLD_SQL_MODE */;
/*!40014 SET FOREIGN_KEY_CHECKS=@OLD_FOREIGN_KEY_CHECKS */;
/*!40014 SET UNIQUE_CHECKS=@OLD_UNIQUE_CHECKS */;
/*!40101 SET CHARACTER_SET_CLIENT=@OLD_CHARACTER_SET_CLIENT */;
/*!40101 SET CHARACTER_SET_RESULTS=@OLD_CHARACTER_SET_RESULTS */;
/*!40101 SET COLLATION_CONNECTION=@OLD_COLLATION_CONNECTION */;
/*!40111 SET SQL_NOTES=@OLD_SQL_NOTES */;

-- Dump completed on 2021-03-20 18:12:37
